,Unnamed: 0.3,Unnamed: 0.2,Unnamed: 0.1,Unnamed: 0,FILENAME,OBJECT,FILTER,IMAGETYP,DATE-OBS,EXP-TIME,JD
0,0.0,0.0,0.0,185.0,master_bias.fits,LDST_250430,,MASTER_BIAS,2025-04-30T18:22:10.41,,2460796.265398264
1,1.0,1.0,1.0,423.0,LDST_250430-0001_Bias.fit,LDST_250430,,BIAS,2025-04-30T18:22:10.41,,2460796.265398264
2,2.0,2.0,2.0,130.0,LDST_250430-0002_Bias.fit,LDST_250430,,BIAS,2025-04-30T18:22:12.85,,2460796.2654265044
3,3.0,3.0,3.0,240.0,LDST_250430-0003_Bias.fit,LDST_250430,,BIAS,2025-04-30T18:22:15.04,,2460796.265451852
4,4.0,4.0,4.0,153.0,LDST_250430-0004_Bias.fit,LDST_250430,,BIAS,2025-04-30T18:22:17.40,,2460796.2654791665
5,5.0,5.0,5.0,39.0,LDST_250430-0005_Bias.fit,LDST_250430,,BIAS,2025-04-30T18:22:19.72,,2460796.2655060184
6,6.0,6.0,6.0,469.0,LDST_250430-0006_Bias.fit,LDST_250430,,BIAS,2025-04-30T18:22:21.98,,2460796.265532176
7,7.0,7.0,7.0,367.0,LDST_250430-0007_Bias.fit,LDST_250430,,BIAS,2025-04-30T18:22:24.31,,2460796.2655591434
8,8.0,8.0,8.0,371.0,LDST_250430-0008_Bias.fit,LDST_250430,,BIAS,2025-04-30T18:22:26.57,,2460796.265585301
9,9.0,9.0,9.0,466.0,LDST_250430-0009_Bias.fit,LDST_250430,,BIAS,2025-04-30T18:22:28.75,,2460796.2656105324
10,10.0,10.0,10.0,308.0,LDST_250430-0010_Bias.fit,LDST_250430,,BIAS,2025-04-30T18:22:31.00,,2460796.265636574
11,11.0,11.0,11.0,405.0,LDST_250430-0011_Bias.fit,LDST_250430,,BIAS,2025-04-30T18:22:33.31,,2460796.2656633104
12,12.0,12.0,12.0,108.0,LDST_250430-0012_Bias.fit,LDST_250430,,BIAS,2025-04-30T18:22:35.56,,2460796.265689352
13,13.0,13.0,13.0,222.0,LDST_250430-0013_Bias.fit,LDST_250430,,BIAS,2025-04-30T18:22:37.81,,2460796.2657153937
14,14.0,14.0,14.0,472.0,LDST_250430-0001_dark.fit,LDST_250430,ND1.2,LIGHT,2025-04-30T18:22:41.62,,2460796.265759491
15,15.0,15.0,15.0,45.0,LDST_250430-0002_dark.fit,LDST_250430,ND1.2,LIGHT,2025-04-30T18:27:44.55,,2460796.269265625
16,16.0,16.0,16.0,149.0,LDST_250430-0003_dark.fit,LDST_250430,ND1.2,LIGHT,2025-04-30T18:32:47.21,,2460796.2727686344
17,17.0,17.0,17.0,203.0,master_flat_B*.fits,LDST_250430,B*,MASTER_BIAS,2025-04-30T18:44:34.30,,2460796.2809525463
18,18.0,18.0,18.0,416.0,master_flat_R*.fits,LDST_250430,R*,MASTER_BIAS,2025-04-30T18:44:34.30,,2460796.2809525463
19,19.0,19.0,19.0,509.0,master_flat_G*.fits,LDST_250430,G*,MASTER_BIAS,2025-04-30T18:44:34.30,,2460796.2809525463
20,20.0,20.0,20.0,280.0,master_flat_Lum.fits,LDST_250430,Lum,MASTER_BIAS,2025-04-30T18:44:34.30,,2460796.2809525463
21,21.0,21.0,21.0,37.0,master_flat_H_alpha.fits,LDST_250430,H_alpha,MASTER_BIAS,2025-04-30T18:44:34.30,,2460796.2809525463
22,22.0,22.0,22.0,413.0,LDST_250430-0001_hflat.fit,LDST_250430,H_alpha,FLAT,2025-04-30T18:44:34.30,,2460796.2809525463
23,23.0,23.0,23.0,464.0,LDST_250430-0002_hflat.fit,LDST_250430,H_alpha,FLAT,2025-04-30T18:44:44.86,,2460796.2810747684
24,24.0,24.0,24.0,454.0,LDST_250430-0003_hflat.fit,LDST_250430,H_alpha,FLAT,2025-04-30T18:44:55.19,,2460796.281194329
25,25.0,25.0,25.0,486.0,LDST_250430-0004_hflat.fit,LDST_250430,H_alpha,FLAT,2025-04-30T18:45:05.66,,2460796.281315509
26,26.0,26.0,26.0,474.0,LDST_250430-0005_hflat.fit,LDST_250430,H_alpha,FLAT,2025-04-30T18:45:15.97,,2460796.281434838
27,27.0,27.0,27.0,57.0,LDST_250430-0001_RFLAT.fit,LDST_250430,R*,FLAT,2025-04-30T19:16:52.57,,2460796.3033862268
28,28.0,28.0,28.0,7.0,LDST_250430-0002_RFLAT.fit,LDST_250430,R*,FLAT,2025-04-30T19:17:02.96,,2460796.303506481
29,29.0,29.0,29.0,21.0,LDST_250430-0003_RFLAT.fit,LDST_250430,R*,FLAT,2025-04-30T19:17:13.35,,2460796.303626736
30,30.0,30.0,30.0,102.0,LDST_250430-0004_RFLAT.fit,LDST_250430,R*,FLAT,2025-04-30T19:17:24.66,,2460796.3037576387
31,31.0,31.0,31.0,125.0,LDST_250430-0005_RFLAT.fit,LDST_250430,R*,FLAT,2025-04-30T19:17:34.79,,2460796.3038748843
32,32.0,32.0,32.0,251.0,LDST_250430-0001_GFLAT.fit,LDST_250430,G*,FLAT,2025-04-30T19:19:36.31,,2460796.3052813658
33,33.0,33.0,33.0,238.0,LDST_250430-0002_GFLAT.fit,LDST_250430,G*,FLAT,2025-04-30T19:19:46.74,,2460796.305402084
34,34.0,34.0,34.0,218.0,LDST_250430-0003_GFLAT.fit,LDST_250430,G*,FLAT,2025-04-30T19:19:57.43,,2460796.30552581
35,35.0,35.0,35.0,187.0,LDST_250430-0004_GFLAT.fit,LDST_250430,G*,FLAT,2025-04-30T19:20:08.32,,2460796.305651852
36,36.0,36.0,36.0,176.0,LDST_250430-0005_GFLAT.fit,LDST_250430,G*,FLAT,2025-04-30T19:20:19.46,,2460796.305780787
37,37.0,37.0,37.0,27.0,LDST_250430-0001_BFLAT.fit,LDST_250430,B*,FLAT,2025-04-30T19:25:58.30,,2460796.3097025463
38,38.0,38.0,38.0,16.0,LDST_250430-0002_BFLAT.fit,LDST_250430,B*,FLAT,2025-04-30T19:26:09.25,,2460796.3098292826
39,39.0,39.0,39.0,2.0,LDST_250430-0003_BFLAT.fit,LDST_250430,B*,FLAT,2025-04-30T19:26:20.19,,2460796.309955903
40,40.0,40.0,40.0,135.0,LDST_250430-0004_BFLAT.fit,LDST_250430,B*,FLAT,2025-04-30T19:26:30.51,,2460796.310075348
41,41.0,41.0,41.0,111.0,LDST_250430-0005_BFLAT.fit,LDST_250430,B*,FLAT,2025-04-30T19:26:41.23,,2460796.3101994214
42,42.0,42.0,42.0,461.0,LDST_250430-0001_LFLAT.fit,LDST_250430,Lum,FLAT,2025-04-30T19:29:36.17,,2460796.3122241898
43,43.0,43.0,43.0,419.0,LDST_250430-0002_LFLAT.fit,LDST_250430,Lum,FLAT,2025-04-30T19:29:46.53,,2460796.312344097
44,44.0,44.0,44.0,431.0,LDST_250430-0003_LFLAT.fit,LDST_250430,Lum,FLAT,2025-04-30T19:29:57.29,,2460796.3124686345
45,45.0,45.0,45.0,495.0,LDST_250430-0004_LFLAT.fit,LDST_250430,Lum,FLAT,2025-04-30T19:30:07.87,,2460796.312591088
46,46.0,46.0,46.0,515.0,LDST_250430-0005_LFLAT.fit,LDST_250430,Lum,FLAT,2025-04-30T19:30:19.01,,2460796.312720023
47,47.0,47.0,47.0,480.0,LDST_250430-0001_R.fit,LDST_250430,R*,LIGHT,2025-04-30T20:45:00.06,,2460796.364584028
48,48.0,48.0,48.0,444.0,reduced_M82_R*_41.fits,M82,R*,REDUCED,2025-04-30T20:45:00.06,,2460796.364584028
49,49.0,49.0,49.0,362.0,reduced_M82_G*_42.fits,M82,G*,REDUCED,2025-04-30T20:46:04.32,,2460796.365327778
50,50.0,50.0,50.0,504.0,LDST_250430-0001_G.fit,LDST_250430,G*,LIGHT,2025-04-30T20:46:04.32,,2460796.365327778
51,51.0,51.0,51.0,138.0,reduced_M82_B*_43.fits,M82,B*,REDUCED,2025-04-30T20:47:08.89,,2460796.366075116
52,52.0,52.0,52.0,161.0,LDST_250430-0001_B.fit,LDST_250430,B*,LIGHT,2025-04-30T20:47:08.89,,2460796.366075116
53,53.0,53.0,53.0,199.0,LDST_250430-0001_HALPHA.fit,LDST_250430,H_alpha,LIGHT,2025-04-30T20:48:13.04,,2460796.3668175926
54,54.0,54.0,54.0,115.0,reduced_M82_H_alpha_44.fits,M82,H_alpha,REDUCED,2025-04-30T20:48:13.04,,2460796.3668175926
55,55.0,55.0,55.0,517.0,final_STARFIELD_H_alpha.fits,M82,R*,FINAL,2025-04-30T20:49:19.01,,2460796.367581134
56,56.0,56.0,56.0,86.0,final_M82_B*.fits,M82,R*,FINAL,2025-04-30T20:49:19.01,,2460796.367581134
57,57.0,57.0,57.0,415.0,final_STARFIELD_R*.fits,M82,R*,FINAL,2025-04-30T20:49:19.01,,2460796.367581134
58,58.0,58.0,58.0,372.0,final_M82_R*.fits,M82,R*,FINAL,2025-04-30T20:49:19.01,,2460796.367581134
59,59.0,59.0,59.0,420.0,reduced_M82_R*_45.fits,M82,R*,REDUCED,2025-04-30T20:49:19.01,,2460796.367581134
60,60.0,60.0,60.0,334.0,final_M82_H_alpha.fits,M82,R*,FINAL,2025-04-30T20:49:19.01,,2460796.367581134
61,61.0,61.0,61.0,274.0,LDST_250430-0002_R.fit,LDST_250430,R*,LIGHT,2025-04-30T20:49:19.01,,2460796.367581134
62,62.0,62.0,62.0,209.0,final_STARFIELD_B*.fits,M82,R*,FINAL,2025-04-30T20:49:19.01,,2460796.367581134
63,63.0,63.0,63.0,282.0,final_M82_G*.fits,M82,R*,FINAL,2025-04-30T20:49:19.01,,2460796.367581134
64,64.0,64.0,64.0,181.0,registered_M82_R*_184.fits,M82,R*,REGISTERED,2025-04-30T20:49:19.01,,2460796.367581134
65,65.0,65.0,65.0,279.0,registered_M82_G*_185.fits,M82,G*,REGISTERED,2025-04-30T20:50:23.38,,2460796.3683261573
66,66.0,66.0,66.0,101.0,reduced_M82_G*_51.fits,M82,G*,REDUCED,2025-04-30T20:50:23.38,,2460796.3683261573
67,67.0,67.0,67.0,312.0,LDST_250430-0002_G.fit,LDST_250430,G*,LIGHT,2025-04-30T20:50:23.38,,2460796.3683261573
68,68.0,68.0,68.0,92.0,LDST_250430-0002_B.fit,LDST_250430,B*,LIGHT,2025-04-30T20:51:27.67,,2460796.3690702547
69,69.0,69.0,69.0,3.0,reduced_M82_B*_52.fits,M82,B*,REDUCED,2025-04-30T20:51:27.67,,2460796.3690702547
70,70.0,70.0,70.0,26.0,registered_M82_B*_186.fits,M82,B*,REGISTERED,2025-04-30T20:51:27.67,,2460796.3690702547
71,71.0,71.0,71.0,300.0,registered_M82_H_alpha_187.fits,M82,H_alpha,REGISTERED,2025-04-30T20:52:31.87,,2460796.36981331
72,72.0,72.0,72.0,358.0,reduced_M82_H_alpha_53.fits,M82,H_alpha,REDUCED,2025-04-30T20:52:31.87,,2460796.36981331
73,73.0,73.0,73.0,523.0,LDST_250430-0002_HALPHA.fit,LDST_250430,H_alpha,LIGHT,2025-04-30T20:52:31.87,,2460796.36981331
74,74.0,74.0,74.0,286.0,reduced_M82_R*_54.fits,M82,R*,REDUCED,2025-04-30T20:53:37.69,,2460796.370575116
75,75.0,75.0,75.0,339.0,LDST_250430-0003_R.fit,LDST_250430,R*,LIGHT,2025-04-30T20:53:37.69,,2460796.370575116
76,76.0,76.0,76.0,230.0,registered_M82_R*_188.fits,M82,R*,REGISTERED,2025-04-30T20:53:37.69,,2460796.370575116
77,77.0,77.0,77.0,124.0,reduced_M82_G*_55.fits,M82,G*,REDUCED,2025-04-30T20:54:42.27,,2460796.371322569
78,78.0,78.0,78.0,363.0,LDST_250430-0003_G.fit,LDST_250430,G*,LIGHT,2025-04-30T20:54:42.27,,2460796.371322569
79,79.0,79.0,79.0,395.0,registered_M82_G*_189.fits,M82,G*,REGISTERED,2025-04-30T20:54:42.27,,2460796.371322569
80,80.0,80.0,80.0,23.0,LDST_250430-0003_B.fit,LDST_250430,B*,LIGHT,2025-04-30T20:55:46.63,,2460796.372067477
81,81.0,81.0,81.0,513.0,registered_M82_B*_190.fits,M82,B*,REGISTERED,2025-04-30T20:55:46.63,,2460796.372067477
82,82.0,82.0,82.0,46.0,reduced_M82_B*_56.fits,M82,B*,REDUCED,2025-04-30T20:55:46.63,,2460796.372067477
83,83.0,83.0,83.0,385.0,reduced_M82_H_alpha_57.fits,M82,H_alpha,REDUCED,2025-04-30T20:56:50.77,,2460796.372809838
84,84.0,84.0,84.0,30.0,LDST_250430-0003_HALPHA.fit,LDST_250430,H_alpha,LIGHT,2025-04-30T20:56:50.77,,2460796.372809838
85,85.0,85.0,85.0,265.0,registered_M82_H_alpha_191.fits,M82,H_alpha,REGISTERED,2025-04-30T20:56:50.77,,2460796.372809838
86,86.0,86.0,86.0,340.0,registered_M82_R*_192.fits,M82,R*,REGISTERED,2025-04-30T20:57:56.60,,2460796.373571759
87,87.0,87.0,87.0,170.0,LDST_250430-0004_R.fit,LDST_250430,R*,LIGHT,2025-04-30T20:57:56.60,,2460796.373571759
88,88.0,88.0,88.0,391.0,reduced_M82_R*_58.fits,M82,R*,REDUCED,2025-04-30T20:57:56.60,,2460796.373571759
89,89.0,89.0,89.0,253.0,registered_M82_G*_193.fits,M82,G*,REGISTERED,2025-04-30T20:59:00.89,,2460796.3743158565
90,90.0,90.0,90.0,5.0,reduced_M82_G*_59.fits,M82,G*,REDUCED,2025-04-30T20:59:00.89,,2460796.3743158565
91,91.0,91.0,91.0,201.0,LDST_250430-0004_G.fit,LDST_250430,G*,LIGHT,2025-04-30T20:59:00.89,,2460796.3743158565
92,92.0,92.0,92.0,348.0,reduced_M82_B*_60.fits,M82,B*,REDUCED,2025-04-30T21:00:05.27,,2460796.375060996
93,93.0,93.0,93.0,490.0,registered_M82_B*_194.fits,M82,B*,REGISTERED,2025-04-30T21:00:05.27,,2460796.375060996
94,94.0,94.0,94.0,475.0,LDST_250430-0004_B.fit,LDST_250430,B*,LIGHT,2025-04-30T21:00:05.27,,2460796.375060996
95,95.0,95.0,95.0,10.0,reduced_M82_H_alpha_61.fits,M82,H_alpha,REDUCED,2025-04-30T21:01:09.48,,2460796.375804167
96,96.0,96.0,96.0,227.0,registered_M82_H_alpha_195.fits,M82,H_alpha,REGISTERED,2025-04-30T21:01:09.48,,2460796.375804167
97,97.0,97.0,97.0,69.0,LDST_250430-0004_HALPHA.fit,LDST_250430,H_alpha,LIGHT,2025-04-30T21:01:09.48,,2460796.375804167
98,98.0,98.0,98.0,235.0,LDST_250430-0005_R.fit,LDST_250430,R*,LIGHT,2025-04-30T21:02:15.39,,2460796.376567014
99,99.0,99.0,99.0,381.0,registered_M82_R*_196.fits,M82,R*,REGISTERED,2025-04-30T21:02:15.39,,2460796.376567014
100,100.0,100.0,100.0,105.0,reduced_M82_R*_62.fits,M82,R*,REDUCED,2025-04-30T21:02:15.39,,2460796.376567014
101,101.0,101.0,101.0,214.0,registered_M82_G*_197.fits,M82,G*,REGISTERED,2025-04-30T21:03:19.69,,2460796.377311227
102,102.0,102.0,102.0,301.0,reduced_M82_G*_63.fits,M82,G*,REDUCED,2025-04-30T21:03:19.69,,2460796.377311227
103,103.0,103.0,103.0,267.0,LDST_250430-0005_G.fit,LDST_250430,G*,LIGHT,2025-04-30T21:03:19.69,,2460796.377311227
104,104.0,104.0,104.0,402.0,LDST_250430-0005_B.fit,LDST_250430,B*,LIGHT,2025-04-30T21:04:24.00,,2460796.378055556
105,105.0,105.0,105.0,370.0,reduced_M82_B*_64.fits,M82,B*,REDUCED,2025-04-30T21:04:24.00,,2460796.378055556
106,106.0,106.0,106.0,445.0,registered_M82_B*_198.fits,M82,B*,REGISTERED,2025-04-30T21:04:24.00,,2460796.378055556
107,107.0,107.0,107.0,432.0,LDST_250430-0005_HALPHA.fit,LDST_250430,H_alpha,LIGHT,2025-04-30T21:05:28.19,,2460796.3787984955
108,108.0,108.0,108.0,184.0,registered_M82_H_alpha_199.fits,M82,H_alpha,REGISTERED,2025-04-30T21:05:28.19,,2460796.3787984955
109,109.0,109.0,109.0,54.0,reduced_M82_H_alpha_65.fits,M82,H_alpha,REDUCED,2025-04-30T21:05:28.19,,2460796.3787984955
110,110.0,110.0,110.0,15.0,LDST_250430-0006_R.fit,LDST_250430,R*,LIGHT,2025-04-30T21:06:41.75,,2460796.379649884
111,111.0,111.0,111.0,121.0,registered_M82_R*_200.fits,M82,R*,REGISTERED,2025-04-30T21:06:41.75,,2460796.379649884
112,112.0,112.0,112.0,63.0,reduced_M82_R*_66.fits,M82,R*,REDUCED,2025-04-30T21:06:41.75,,2460796.379649884
113,113.0,113.0,113.0,489.0,registered_M82_G*_201.fits,M82,G*,REGISTERED,2025-04-30T21:07:46.14,,2460796.380395139
114,114.0,114.0,114.0,47.0,LDST_250430-0006_G.fit,LDST_250430,G*,LIGHT,2025-04-30T21:07:46.14,,2460796.380395139
115,115.0,115.0,115.0,332.0,reduced_M82_G*_67.fits,M82,G*,REDUCED,2025-04-30T21:07:46.14,,2460796.380395139
116,116.0,116.0,116.0,304.0,reduced_M82_B*_68.fits,M82,B*,REDUCED,2025-04-30T21:08:50.40,,2460796.381138889
117,117.0,117.0,117.0,213.0,registered_M82_B*_202.fits,M82,B*,REGISTERED,2025-04-30T21:08:50.40,,2460796.381138889
118,118.0,118.0,118.0,346.0,LDST_250430-0006_B.fit,LDST_250430,B*,LIGHT,2025-04-30T21:08:50.40,,2460796.381138889
119,119.0,119.0,119.0,225.0,LDST_250430-0006_HALPHA.fit,LDST_250430,H_alpha,LIGHT,2025-04-30T21:09:54.65,,2460796.381882523
120,120.0,120.0,120.0,65.0,reduced_M82_H_alpha_69.fits,M82,H_alpha,REDUCED,2025-04-30T21:09:54.65,,2460796.381882523
121,121.0,121.0,121.0,482.0,registered_M82_H_alpha_203.fits,M82,H_alpha,REGISTERED,2025-04-30T21:09:54.65,,2460796.381882523
122,122.0,122.0,122.0,451.0,reduced_M82_R*_70.fits,M82,R*,REDUCED,2025-04-30T21:11:00.48,,2460796.382644444
123,123.0,123.0,123.0,97.0,registered_M82_R*_204.fits,M82,R*,REGISTERED,2025-04-30T21:11:00.48,,2460796.382644444
124,124.0,124.0,124.0,83.0,LDST_250430-0007_R.fit,LDST_250430,R*,LIGHT,2025-04-30T21:11:00.48,,2460796.382644444
125,125.0,125.0,125.0,512.0,registered_M82_G*_205.fits,M82,G*,REGISTERED,2025-04-30T21:12:04.89,,2460796.3833899307
126,126.0,126.0,126.0,122.0,LDST_250430-0007_G.fit,LDST_250430,G*,LIGHT,2025-04-30T21:12:04.89,,2460796.3833899307
127,127.0,127.0,127.0,226.0,reduced_M82_G*_71.fits,M82,G*,REDUCED,2025-04-30T21:12:04.89,,2460796.3833899307
128,128.0,128.0,128.0,252.0,registered_M82_B*_206.fits,M82,B*,REGISTERED,2025-04-30T21:13:09.29,,2460796.3841353008
129,129.0,129.0,129.0,151.0,reduced_M82_B*_72.fits,M82,B*,REDUCED,2025-04-30T21:13:09.29,,2460796.3841353008
130,130.0,130.0,130.0,289.0,LDST_250430-0007_B.fit,LDST_250430,B*,LIGHT,2025-04-30T21:13:09.29,,2460796.3841353008
131,131.0,131.0,131.0,287.0,LDST_250430-0007_HALPHA.fit,LDST_250430,H_alpha,LIGHT,2025-04-30T21:14:13.54,,2460796.384878936
132,132.0,132.0,132.0,485.0,reduced_M82_H_alpha_73.fits,M82,H_alpha,REDUCED,2025-04-30T21:14:13.54,,2460796.384878936
133,133.0,133.0,133.0,500.0,registered_M82_H_alpha_207.fits,M82,H_alpha,REGISTERED,2025-04-30T21:14:13.54,,2460796.384878936
134,134.0,134.0,134.0,404.0,reduced_M82_R*_74.fits,M82,R*,REDUCED,2025-04-30T21:15:19.37,,2460796.3856408563
135,135.0,135.0,135.0,140.0,LDST_250430-0008_R.fit,LDST_250430,R*,LIGHT,2025-04-30T21:15:19.37,,2460796.3856408563
136,136.0,136.0,136.0,36.0,registered_M82_R*_208.fits,M82,R*,REGISTERED,2025-04-30T21:15:19.37,,2460796.3856408563
137,137.0,137.0,137.0,178.0,LDST_250430-0008_G.fit,LDST_250430,G*,LIGHT,2025-04-30T21:16:23.67,,2460796.386385069
138,138.0,138.0,138.0,266.0,reduced_M82_G*_75.fits,M82,G*,REDUCED,2025-04-30T21:16:23.67,,2460796.386385069
139,139.0,139.0,139.0,417.0,registered_M82_G*_209.fits,M82,G*,REGISTERED,2025-04-30T21:16:23.67,,2460796.386385069
140,140.0,140.0,140.0,278.0,registered_M82_B*_210.fits,M82,B*,REGISTERED,2025-04-30T21:17:28.02,,2460796.387129861
141,141.0,141.0,141.0,488.0,LDST_250430-0008_B.fit,LDST_250430,B*,LIGHT,2025-04-30T21:17:28.02,,2460796.387129861
142,142.0,142.0,142.0,177.0,reduced_M82_B*_76.fits,M82,B*,REDUCED,2025-04-30T21:17:28.02,,2460796.387129861
143,143.0,143.0,143.0,522.0,reduced_M82_H_alpha_77.fits,M82,H_alpha,REDUCED,2025-04-30T21:18:32.21,,2460796.3878728007
144,144.0,144.0,144.0,4.0,registered_M82_H_alpha_211.fits,M82,H_alpha,REGISTERED,2025-04-30T21:18:32.21,,2460796.3878728007
145,145.0,145.0,145.0,22.0,LDST_250430-0008_HALPHA.fit,LDST_250430,H_alpha,LIGHT,2025-04-30T21:18:32.21,,2460796.3878728007
146,146.0,146.0,146.0,458.0,registered_M82_R*_212.fits,M82,R*,REGISTERED,2025-04-30T21:19:37.96,,2460796.3886337965
147,147.0,147.0,147.0,516.0,reduced_M82_R*_78.fits,M82,R*,REDUCED,2025-04-30T21:19:37.96,,2460796.3886337965
148,148.0,148.0,148.0,212.0,LDST_250430-0009_R.fit,LDST_250430,R*,LIGHT,2025-04-30T21:19:37.96,,2460796.3886337965
149,149.0,149.0,149.0,25.0,registered_M82_G*_213.fits,M82,G*,REGISTERED,2025-04-30T21:20:42.33,,2460796.38937882
150,150.0,150.0,150.0,242.0,LDST_250430-0009_G.fit,LDST_250430,G*,LIGHT,2025-04-30T21:20:42.33,,2460796.38937882
151,151.0,151.0,151.0,146.0,reduced_M82_G*_79.fits,M82,G*,REDUCED,2025-04-30T21:20:42.33,,2460796.38937882
152,152.0,152.0,152.0,318.0,registered_M82_B*_214.fits,M82,B*,REGISTERED,2025-04-30T21:21:46.63,,2460796.3901230325
153,153.0,153.0,153.0,433.0,LDST_250430-0009_B.fit,LDST_250430,B*,LIGHT,2025-04-30T21:21:46.63,,2460796.3901230325
154,154.0,154.0,154.0,487.0,reduced_M82_B*_80.fits,M82,B*,REDUCED,2025-04-30T21:21:46.63,,2460796.3901230325
155,155.0,155.0,155.0,144.0,reduced_M82_H_alpha_81.fits,M82,H_alpha,REDUCED,2025-04-30T21:22:50.86,,2460796.390866435
156,156.0,156.0,156.0,473.0,LDST_250430-0009_HALPHA.fit,LDST_250430,H_alpha,LIGHT,2025-04-30T21:22:50.86,,2460796.390866435
157,157.0,157.0,157.0,31.0,registered_M82_H_alpha_215.fits,M82,H_alpha,REGISTERED,2025-04-30T21:22:50.86,,2460796.390866435
158,158.0,158.0,158.0,58.0,LDST_250430-0010_R.fit,LDST_250430,R*,LIGHT,2025-04-30T21:23:56.79,,2460796.391629514
159,159.0,159.0,159.0,270.0,reduced_M82_R*_82.fits,M82,R*,REDUCED,2025-04-30T21:23:56.79,,2460796.391629514
160,160.0,160.0,160.0,434.0,registered_M82_R*_216.fits,M82,R*,REGISTERED,2025-04-30T21:23:56.79,,2460796.391629514
161,161.0,161.0,161.0,398.0,reduced_M82_G*_83.fits,M82,G*,REDUCED,2025-04-30T21:25:01.06,,2460796.39237338
162,162.0,162.0,162.0,51.0,registered_M82_G*_217.fits,M82,G*,REGISTERED,2025-04-30T21:25:01.06,,2460796.39237338
163,163.0,163.0,163.0,18.0,LDST_250430-0010_G.fit,LDST_250430,G*,LIGHT,2025-04-30T21:25:01.06,,2460796.39237338
164,164.0,164.0,164.0,368.0,LDST_250430-0010_B.fit,LDST_250430,B*,LIGHT,2025-04-30T21:26:05.42,,2460796.393118287
165,165.0,165.0,165.0,511.0,reduced_M82_B*_84.fits,M82,B*,REDUCED,2025-04-30T21:26:05.42,,2460796.393118287
166,166.0,166.0,166.0,357.0,registered_M82_B*_218.fits,M82,B*,REGISTERED,2025-04-30T21:26:05.42,,2460796.393118287
167,167.0,167.0,167.0,99.0,registered_M82_H_alpha_219.fits,M82,H_alpha,REGISTERED,2025-04-30T21:27:09.54,,2460796.3938604165
168,168.0,168.0,168.0,229.0,LDST_250430-0010_HALPHA.fit,LDST_250430,H_alpha,LIGHT,2025-04-30T21:27:09.54,,2460796.3938604165
169,169.0,169.0,169.0,186.0,reduced_M82_H_alpha_85.fits,M82,H_alpha,REDUCED,2025-04-30T21:27:09.54,,2460796.3938604165
170,170.0,170.0,170.0,126.0,LDST_250430-0011_R.fit,LDST_250430,R*,LIGHT,2025-04-30T21:32:37.55,,2460796.3976568286
171,171.0,171.0,171.0,231.0,reduced_M82_R*_86.fits,M82,R*,REDUCED,2025-04-30T21:32:37.55,,2460796.3976568286
172,172.0,172.0,172.0,272.0,registered_M82_R*_220.fits,M82,R*,REGISTERED,2025-04-30T21:32:37.55,,2460796.3976568286
173,173.0,173.0,173.0,355.0,registered_M82_G*_221.fits,M82,G*,REGISTERED,2025-04-30T21:33:41.81,,2460796.398400578
174,174.0,174.0,174.0,449.0,reduced_M82_G*_87.fits,M82,G*,REDUCED,2025-04-30T21:33:41.81,,2460796.398400578
175,175.0,175.0,175.0,94.0,LDST_250430-0011_G.fit,LDST_250430,G*,LIGHT,2025-04-30T21:33:41.81,,2460796.398400578
176,176.0,176.0,176.0,414.0,reduced_M82_B*_88.fits,M82,B*,REDUCED,2025-04-30T21:34:45.99,,2460796.399143403
177,177.0,177.0,177.0,77.0,registered_M82_B*_222.fits,M82,B*,REGISTERED,2025-04-30T21:34:45.99,,2460796.399143403
178,178.0,178.0,178.0,305.0,LDST_250430-0011_B.fit,LDST_250430,B*,LIGHT,2025-04-30T21:34:45.99,,2460796.399143403
179,179.0,179.0,179.0,335.0,registered_M82_H_alpha_223.fits,M82,H_alpha,REGISTERED,2025-04-30T21:35:50.16,,2460796.399886112
180,180.0,180.0,180.0,228.0,reduced_M82_H_alpha_89.fits,M82,H_alpha,REDUCED,2025-04-30T21:35:50.16,,2460796.399886112
181,181.0,181.0,181.0,291.0,LDST_250430-0011_HALPHA.fit,LDST_250430,H_alpha,LIGHT,2025-04-30T21:35:50.16,,2460796.399886112
182,182.0,182.0,182.0,210.0,LDST_250430-0001_RSTAR.fit,LDST_250430,R*,LIGHT,2025-04-30T21:55:39.16,,2460796.413647685
183,183.0,183.0,183.0,328.0,reduced_M82_R*_90.fits,M82,R*,REDUCED,2025-04-30T21:55:39.16,,2460796.413647685
184,184.0,184.0,184.0,17.0,LDST_250430-0001_GSTAR.fit,LDST_250430,G*,LIGHT,2025-04-30T21:56:23.47,,2460796.4141605324
185,185.0,185.0,185.0,68.0,reduced_M82_G*_91.fits,M82,G*,REDUCED,2025-04-30T21:56:23.47,,2460796.4141605324
186,186.0,186.0,186.0,19.0,reduced_M82_B*_92.fits,M82,B*,REDUCED,2025-04-30T21:57:07.74,,2460796.4146729168
187,187.0,187.0,187.0,234.0,LDST_250430-0001_BSTAR.fit,LDST_250430,B*,LIGHT,2025-04-30T21:57:07.74,,2460796.4146729168
188,188.0,188.0,188.0,217.0,LDST_250430-0001_HALPHASTAR.fit,LDST_250430,H_alpha,LIGHT,2025-04-30T21:57:51.97,,2460796.4151848378
189,189.0,189.0,189.0,336.0,reduced_M82_H_alpha_93.fits,M82,H_alpha,REDUCED,2025-04-30T21:57:51.97,,2460796.4151848378
190,190.0,190.0,190.0,298.0,reduced_M82_R*_94.fits,M82,R*,REDUCED,2025-04-30T21:58:41.81,,2460796.4157616897
191,191.0,191.0,191.0,260.0,LDST_250430-0002_RSTAR.fit,LDST_250430,R*,LIGHT,2025-04-30T21:58:41.81,,2460796.4157616897
192,192.0,192.0,192.0,29.0,LDST_250430-0002_GSTAR.fit,LDST_250430,G*,LIGHT,2025-04-30T21:59:26.03,,2460796.416273495
193,193.0,193.0,193.0,107.0,reduced_M82_G*_95.fits,M82,G*,REDUCED,2025-04-30T21:59:26.03,,2460796.416273495
194,194.0,194.0,194.0,49.0,reduced_M82_B*_96.fits,M82,B*,REDUCED,2025-04-30T22:00:10.36,,2460796.4167865743
195,195.0,195.0,195.0,250.0,LDST_250430-0002_BSTAR.fit,LDST_250430,B*,LIGHT,2025-04-30T22:00:10.36,,2460796.4167865743
196,196.0,196.0,196.0,377.0,reduced_M82_H_alpha_97.fits,M82,H_alpha,REDUCED,2025-04-30T22:00:54.38,,2460796.417296065
197,197.0,197.0,197.0,453.0,LDST_250430-0002_HALPHASTAR.fit,LDST_250430,H_alpha,LIGHT,2025-04-30T22:00:54.38,,2460796.417296065
198,198.0,198.0,198.0,244.0,LDST_250430-0003_RSTAR.fit,LDST_250430,R*,LIGHT,2025-04-30T22:01:40.14,,2460796.4178256947
199,199.0,199.0,199.0,384.0,reduced_M82_R*_98.fits,M82,R*,REDUCED,2025-04-30T22:01:40.14,,2460796.4178256947
200,200.0,200.0,200.0,9.0,reduced_M82_G*_99.fits,M82,G*,REDUCED,2025-04-30T22:02:24.42,,2460796.4183381945
201,201.0,201.0,201.0,48.0,LDST_250430-0003_GSTAR.fit,LDST_250430,G*,LIGHT,2025-04-30T22:02:24.42,,2460796.4183381945
202,202.0,202.0,202.0,269.0,LDST_250430-0003_BSTAR.fit,LDST_250430,B*,LIGHT,2025-04-30T22:03:08.73,,2460796.4188510417
203,203.0,203.0,203.0,172.0,reduced_M82_B*_100.fits,M82,B*,REDUCED,2025-04-30T22:03:08.73,,2460796.4188510417
204,204.0,204.0,204.0,50.0,reduced_M82_H_alpha_101.fits,M82,H_alpha,REDUCED,2025-04-30T22:03:52.94,,2460796.419362732
205,205.0,205.0,205.0,110.0,LDST_250430-0003_HALPHASTAR.fit,LDST_250430,H_alpha,LIGHT,2025-04-30T22:03:52.94,,2460796.419362732
206,206.0,206.0,206.0,12.0,reduced_M82_R*_102.fits,M82,R*,REDUCED,2025-04-30T22:04:38.58,,2460796.4198909723
207,207.0,207.0,207.0,168.0,LDST_250430-0004_RSTAR.fit,LDST_250430,R*,LIGHT,2025-04-30T22:04:38.58,,2460796.4198909723
208,208.0,208.0,208.0,463.0,reduced_M82_G*_103.fits,M82,G*,REDUCED,2025-04-30T22:05:22.76,,2460796.420402315
209,209.0,209.0,209.0,73.0,LDST_250430-0004_GSTAR.fit,LDST_250430,G*,LIGHT,2025-04-30T22:05:22.76,,2460796.420402315
210,210.0,210.0,210.0,145.0,LDST_250430-0004_BSTAR.fit,LDST_250430,B*,LIGHT,2025-04-30T22:06:07.10,,2460796.420915509
211,211.0,211.0,211.0,147.0,reduced_M82_B*_104.fits,M82,B*,REDUCED,2025-04-30T22:06:07.10,,2460796.420915509
212,212.0,212.0,212.0,20.0,reduced_M82_H_alpha_105.fits,M82,H_alpha,REDUCED,2025-04-30T22:06:51.19,,2460796.42142581
213,213.0,213.0,213.0,62.0,LDST_250430-0004_HALPHASTAR.fit,LDST_250430,H_alpha,LIGHT,2025-04-30T22:06:51.19,,2460796.42142581
214,214.0,214.0,214.0,154.0,LDST_250430-0005_RSTAR.fit,LDST_250430,R*,LIGHT,2025-04-30T22:07:36.74,,2460796.421953009
215,215.0,215.0,215.0,55.0,reduced_M82_R*_106.fits,M82,R*,REDUCED,2025-04-30T22:07:36.74,,2460796.421953009
216,216.0,216.0,216.0,424.0,reduced_M82_G*_107.fits,M82,G*,REDUCED,2025-04-30T22:08:21.11,,2460796.422466551
217,217.0,217.0,217.0,91.0,LDST_250430-0005_GSTAR.fit,LDST_250430,G*,LIGHT,2025-04-30T22:08:21.11,,2460796.422466551
218,218.0,218.0,218.0,256.0,reduced_M82_B*_108.fits,M82,B*,REDUCED,2025-04-30T22:09:05.22,,2460796.422977084
219,219.0,219.0,219.0,159.0,LDST_250430-0005_BSTAR.fit,LDST_250430,B*,LIGHT,2025-04-30T22:09:05.22,,2460796.422977084
220,220.0,220.0,220.0,401.0,LDST_250430-0005_HALPHASTAR.fit,LDST_250430,H_alpha,LIGHT,2025-04-30T22:09:49.39,,2460796.42348831
221,221.0,221.0,221.0,104.0,reduced_M82_H_alpha_109.fits,M82,H_alpha,REDUCED,2025-04-30T22:09:49.39,,2460796.42348831
222,222.0,222.0,222.0,483.0,reduced_M82_R*_110.fits,M82,R*,REDUCED,2025-04-30T22:10:35.09,,2460796.4240172454
223,223.0,223.0,223.0,202.0,LDST_250430-0006_RSTAR.fit,LDST_250430,R*,LIGHT,2025-04-30T22:10:35.09,,2460796.4240172454
224,224.0,224.0,224.0,129.0,reduced_M82_G*_111.fits,M82,G*,REDUCED,2025-04-30T22:11:19.34,,2460796.4245293983
225,225.0,225.0,225.0,113.0,LDST_250430-0006_GSTAR.fit,LDST_250430,G*,LIGHT,2025-04-30T22:11:19.34,,2460796.4245293983
226,226.0,226.0,226.0,174.0,LDST_250430-0006_BSTAR.fit,LDST_250430,B*,LIGHT,2025-04-30T22:12:03.70,,2460796.425042824
227,227.0,227.0,227.0,365.0,reduced_M82_B*_112.fits,M82,B*,REDUCED,2025-04-30T22:12:03.70,,2460796.425042824
228,228.0,228.0,228.0,243.0,LDST_250430-0006_HALPHASTAR.fit,LDST_250430,H_alpha,LIGHT,2025-04-30T22:12:47.89,,2460796.4255542825
229,229.0,229.0,229.0,514.0,reduced_M82_H_alpha_113.fits,M82,H_alpha,REDUCED,2025-04-30T22:12:47.89,,2460796.4255542825
230,230.0,230.0,230.0,519.0,reduced_M82_R*_114.fits,M82,R*,REDUCED,2025-04-30T22:17:13.55,,2460796.428629051
231,231.0,231.0,231.0,179.0,LDST_250430-0007_RSTAR.fit,LDST_250430,R*,LIGHT,2025-04-30T22:17:13.55,,2460796.428629051
232,232.0,232.0,232.0,133.0,LDST_250430-0007_GSTAR.fit,LDST_250430,G*,LIGHT,2025-04-30T22:17:57.80,,2460796.429141204
233,233.0,233.0,233.0,84.0,reduced_M82_G*_115.fits,M82,G*,REDUCED,2025-04-30T22:17:57.80,,2460796.429141204
234,234.0,234.0,234.0,194.0,LDST_250430-0007_BSTAR.fit,LDST_250430,B*,LIGHT,2025-04-30T22:18:42.08,,2460796.429653704
235,235.0,235.0,235.0,343.0,reduced_M82_B*_116.fits,M82,B*,REDUCED,2025-04-30T22:18:42.08,,2460796.429653704
236,236.0,236.0,236.0,309.0,LDST_250430-0007_HALPHASTAR.fit,LDST_250430,H_alpha,LIGHT,2025-04-30T22:19:26.30,,2460796.430165509
237,237.0,237.0,237.0,492.0,reduced_M82_H_alpha_117.fits,M82,H_alpha,REDUCED,2025-04-30T22:19:26.30,,2460796.430165509
238,238.0,238.0,238.0,406.0,reduced_M82_R*_118.fits,M82,R*,REDUCED,2025-04-30T22:20:12.00,,2460796.4306944446
239,239.0,239.0,239.0,75.0,LDST_250430-0008_RSTAR.fit,LDST_250430,R*,LIGHT,2025-04-30T22:20:12.00,,2460796.4306944446
240,240.0,240.0,240.0,169.0,LDST_250430-0008_GSTAR.fit,LDST_250430,G*,LIGHT,2025-04-30T22:20:56.32,,2460796.431207408
241,241.0,241.0,241.0,42.0,reduced_M82_G*_119.fits,M82,G*,REDUCED,2025-04-30T22:20:56.32,,2460796.431207408
242,242.0,242.0,242.0,38.0,reduced_M82_B*_120.fits,M82,B*,REDUCED,2025-04-30T22:21:40.57,,2460796.43171956
243,243.0,243.0,243.0,82.0,LDST_250430-0008_BSTAR.fit,LDST_250430,B*,LIGHT,2025-04-30T22:21:40.57,,2460796.43171956
244,244.0,244.0,244.0,207.0,LDST_250430-0008_HALPHASTAR.fit,LDST_250430,H_alpha,LIGHT,2025-04-30T22:22:24.73,,2460796.4322306714
245,245.0,245.0,245.0,208.0,reduced_M82_H_alpha_121.fits,M82,H_alpha,REDUCED,2025-04-30T22:22:24.73,,2460796.4322306714
246,246.0,246.0,246.0,90.0,LDST_250430-0009_RSTAR.fit,LDST_250430,R*,LIGHT,2025-04-30T22:23:10.38,,2460796.432759028
247,247.0,247.0,247.0,166.0,reduced_M82_R*_122.fits,M82,R*,REDUCED,2025-04-30T22:23:10.38,,2460796.432759028
248,248.0,248.0,248.0,322.0,reduced_M82_G*_123.fits,M82,G*,REDUCED,2025-04-30T22:23:54.67,,2460796.433271644
249,249.0,249.0,249.0,152.0,LDST_250430-0009_GSTAR.fit,LDST_250430,G*,LIGHT,2025-04-30T22:23:54.67,,2460796.433271644
250,250.0,250.0,250.0,0.0,reduced_M82_B*_124.fits,M82,B*,REDUCED,2025-04-30T22:24:38.99,,2460796.4337846064
251,251.0,251.0,251.0,66.0,LDST_250430-0009_BSTAR.fit,LDST_250430,B*,LIGHT,2025-04-30T22:24:38.99,,2460796.4337846064
252,252.0,252.0,252.0,164.0,reduced_M82_H_alpha_125.fits,M82,H_alpha,REDUCED,2025-04-30T22:25:23.29,,2460796.434297338
253,253.0,253.0,253.0,396.0,LDST_250430-0009_HALPHASTAR.fit,LDST_250430,H_alpha,LIGHT,2025-04-30T22:25:23.29,,2460796.434297338
254,254.0,254.0,254.0,284.0,LDST_250430-0010_RSTAR.fit,LDST_250430,R*,LIGHT,2025-04-30T22:26:08.88,,2460796.434825
255,255.0,255.0,255.0,191.0,reduced_M82_R*_126.fits,M82,R*,REDUCED,2025-04-30T22:26:08.88,,2460796.434825
256,256.0,256.0,256.0,491.0,LDST_250430-0010_GSTAR.fit,LDST_250430,G*,LIGHT,2025-04-30T22:26:53.47,,2460796.435341088
257,257.0,257.0,257.0,302.0,reduced_M82_G*_127.fits,M82,G*,REDUCED,2025-04-30T22:26:53.47,,2460796.435341088
258,258.0,258.0,258.0,296.0,LDST_250430-0010_BSTAR.fit,LDST_250430,B*,LIGHT,2025-04-30T22:27:37.76,,2460796.435853704
259,259.0,259.0,259.0,127.0,reduced_M82_B*_128.fits,M82,B*,REDUCED,2025-04-30T22:27:37.76,,2460796.435853704
260,260.0,260.0,260.0,247.0,reduced_M82_H_alpha_129.fits,M82,H_alpha,REDUCED,2025-04-30T22:28:21.87,,2460796.4363642363
261,261.0,261.0,261.0,349.0,LDST_250430-0010_HALPHASTAR.fit,LDST_250430,H_alpha,LIGHT,2025-04-30T22:28:21.87,,2460796.4363642363
262,262.0,262.0,262.0,303.0,LDST_250430-0011_RSTAR.fit,LDST_250430,R*,LIGHT,2025-04-30T22:29:07.54,,2460796.436892824
263,263.0,263.0,263.0,359.0,reduced_M82_R*_130.fits,M82,R*,REDUCED,2025-04-30T22:29:07.54,,2460796.436892824
264,264.0,264.0,264.0,481.0,LDST_250430-0011_GSTAR.fit,LDST_250430,G*,LIGHT,2025-04-30T22:29:51.91,,2460796.4374063658
265,265.0,265.0,265.0,258.0,reduced_M82_G*_131.fits,M82,G*,REDUCED,2025-04-30T22:29:51.91,,2460796.4374063658
266,266.0,266.0,266.0,503.0,reduced_M82_B*_132.fits,M82,B*,REDUCED,2025-04-30T22:30:36.17,,2460796.437918634
267,267.0,267.0,267.0,273.0,LDST_250430-0011_BSTAR.fit,LDST_250430,B*,LIGHT,2025-04-30T22:30:36.17,,2460796.437918634
268,268.0,268.0,268.0,394.0,reduced_M82_H_alpha_133.fits,M82,H_alpha,REDUCED,2025-04-30T22:31:20.29,,2460796.4384292825
269,269.0,269.0,269.0,157.0,LDST_250430-0011_HALPHASTAR.fit,LDST_250430,H_alpha,LIGHT,2025-04-30T22:31:20.29,,2460796.4384292825
270,270.0,270.0,270.0,462.0,registered_M82_R*_268.fits,M82,R*,REGISTERED,2025-04-30T22:36:04.05,,2460796.4417135417
271,271.0,271.0,271.0,198.0,LDST_250430-0012_R.fit,LDST_250430,R*,LIGHT,2025-04-30T22:36:04.05,,2460796.4417135417
272,272.0,272.0,272.0,388.0,reduced_M82_R*_134.fits,M82,R*,REDUCED,2025-04-30T22:36:04.05,,2460796.4417135417
273,273.0,273.0,273.0,13.0,registered_M82_G*_269.fits,M82,G*,REGISTERED,2025-04-30T22:37:08.35,,2460796.4424577546
274,274.0,274.0,274.0,237.0,reduced_M82_G*_135.fits,M82,G*,REDUCED,2025-04-30T22:37:08.35,,2460796.4424577546
275,275.0,275.0,275.0,156.0,LDST_250430-0012_G.fit,LDST_250430,G*,LIGHT,2025-04-30T22:37:08.35,,2460796.4424577546
276,276.0,276.0,276.0,165.0,registered_M82_B*_270.fits,M82,B*,REGISTERED,2025-04-30T22:38:12.68,,2460796.443202315
277,277.0,277.0,277.0,468.0,reduced_M82_B*_136.fits,M82,B*,REDUCED,2025-04-30T22:38:12.68,,2460796.443202315
278,278.0,278.0,278.0,507.0,LDST_250430-0012_B.fit,LDST_250430,B*,LIGHT,2025-04-30T22:38:12.68,,2460796.443202315
279,279.0,279.0,279.0,60.0,LDST_250430-0012_HALPHA.fit,LDST_250430,H_alpha,LIGHT,2025-04-30T22:39:16.77,,2460796.443944097
280,280.0,280.0,280.0,352.0,reduced_M82_H_alpha_137.fits,M82,H_alpha,REDUCED,2025-04-30T22:39:16.77,,2460796.443944097
281,281.0,281.0,281.0,422.0,registered_M82_H_alpha_271.fits,M82,H_alpha,REGISTERED,2025-04-30T22:39:16.77,,2460796.443944097
282,282.0,282.0,282.0,257.0,LDST_250430-0013_R.fit,LDST_250430,R*,LIGHT,2025-04-30T22:40:22.43,,2460796.444704051
283,283.0,283.0,283.0,41.0,registered_M82_R*_272.fits,M82,R*,REGISTERED,2025-04-30T22:40:22.43,,2460796.444704051
284,284.0,284.0,284.0,285.0,reduced_M82_R*_138.fits,M82,R*,REDUCED,2025-04-30T22:40:22.43,,2460796.444704051
285,285.0,285.0,285.0,173.0,reduced_M82_G*_139.fits,M82,G*,REDUCED,2025-04-30T22:41:26.59,,2460796.4454466435
286,286.0,286.0,286.0,407.0,registered_M82_G*_273.fits,M82,G*,REGISTERED,2025-04-30T22:41:26.59,,2460796.4454466435
287,287.0,287.0,287.0,232.0,LDST_250430-0013_G.fit,LDST_250430,G*,LIGHT,2025-04-30T22:41:26.59,,2460796.4454466435
288,288.0,288.0,288.0,459.0,reduced_M82_B*_140.fits,M82,B*,REDUCED,2025-04-30T22:42:30.80,,2460796.4461898147
289,289.0,289.0,289.0,189.0,registered_M82_B*_274.fits,M82,B*,REGISTERED,2025-04-30T22:42:30.80,,2460796.4461898147
290,290.0,290.0,290.0,452.0,LDST_250430-0013_B.fit,LDST_250430,B*,LIGHT,2025-04-30T22:42:30.80,,2460796.4461898147
291,291.0,291.0,291.0,307.0,reduced_M82_H_alpha_141.fits,M82,H_alpha,REDUCED,2025-04-30T22:43:34.92,,2460796.446931944
292,292.0,292.0,292.0,460.0,registered_M82_H_alpha_275.fits,M82,H_alpha,REGISTERED,2025-04-30T22:43:34.92,,2460796.446931944
293,293.0,293.0,293.0,428.0,LDST_250430-0013_HALPHA.fit,LDST_250430,H_alpha,LIGHT,2025-04-30T22:43:34.92,,2460796.446931944
294,294.0,294.0,294.0,314.0,LDST_250430-0014_R.fit,LDST_250430,R*,LIGHT,2025-04-30T22:44:40.53,,2460796.4476913195
295,295.0,295.0,295.0,276.0,reduced_M82_R*_142.fits,M82,R*,REDUCED,2025-04-30T22:44:40.53,,2460796.4476913195
296,296.0,296.0,296.0,1.0,registered_M82_R*_276.fits,M82,R*,REGISTERED,2025-04-30T22:44:40.53,,2460796.4476913195
297,297.0,297.0,297.0,450.0,registered_M82_G*_277.fits,M82,G*,REGISTERED,2025-04-30T22:45:44.79,,2460796.448435069
298,298.0,298.0,298.0,182.0,reduced_M82_G*_143.fits,M82,G*,REDUCED,2025-04-30T22:45:44.79,,2460796.448435069
299,299.0,299.0,299.0,292.0,LDST_250430-0014_G.fit,LDST_250430,G*,LIGHT,2025-04-30T22:45:44.79,,2460796.448435069
300,300.0,300.0,300.0,220.0,registered_M82_B*_278.fits,M82,B*,REGISTERED,2025-04-30T22:46:49.15,,2460796.4491799767
301,301.0,301.0,301.0,117.0,LDST_250430-0014_B.fit,LDST_250430,B*,LIGHT,2025-04-30T22:46:49.15,,2460796.4491799767
302,302.0,302.0,302.0,435.0,reduced_M82_B*_144.fits,M82,B*,REDUCED,2025-04-30T22:46:49.15,,2460796.4491799767
303,303.0,303.0,303.0,470.0,registered_M82_H_alpha_279.fits,M82,H_alpha,REGISTERED,2025-04-30T22:47:53.30,,2460796.4499224536
304,304.0,304.0,304.0,525.0,LDST_250430-0014_HALPHA.fit,LDST_250430,H_alpha,LIGHT,2025-04-30T22:47:53.30,,2460796.4499224536
305,305.0,305.0,305.0,290.0,reduced_M82_H_alpha_145.fits,M82,H_alpha,REDUCED,2025-04-30T22:47:53.30,,2460796.4499224536
306,306.0,306.0,306.0,317.0,reduced_M82_R*_146.fits,M82,R*,REDUCED,2025-04-30T22:48:58.83,,2460796.4506809027
307,307.0,307.0,307.0,397.0,registered_M82_R*_280.fits,M82,R*,REGISTERED,2025-04-30T22:48:58.83,,2460796.4506809027
308,308.0,308.0,308.0,383.0,LDST_250430-0015_R.fit,LDST_250430,R*,LIGHT,2025-04-30T22:48:58.83,,2460796.4506809027
309,309.0,309.0,309.0,143.0,reduced_M82_G*_147.fits,M82,G*,REDUCED,2025-04-30T22:50:03.07,,2460796.4514244213
310,310.0,310.0,310.0,344.0,LDST_250430-0015_G.fit,LDST_250430,G*,LIGHT,2025-04-30T22:50:03.07,,2460796.4514244213
311,311.0,311.0,311.0,233.0,registered_M82_G*_281.fits,M82,G*,REGISTERED,2025-04-30T22:50:03.07,,2460796.4514244213
312,312.0,312.0,312.0,53.0,LDST_250430-0015_B.fit,LDST_250430,B*,LIGHT,2025-04-30T22:51:07.35,,2460796.4521684027
313,313.0,313.0,313.0,478.0,registered_M82_B*_282.fits,M82,B*,REGISTERED,2025-04-30T22:51:07.35,,2460796.4521684027
314,314.0,314.0,314.0,497.0,reduced_M82_B*_148.fits,M82,B*,REDUCED,2025-04-30T22:51:07.35,,2460796.4521684027
315,315.0,315.0,315.0,387.0,reduced_M82_H_alpha_149.fits,M82,H_alpha,REDUCED,2025-04-30T22:52:11.43,,2460796.4529100694
316,316.0,316.0,316.0,211.0,registered_M82_H_alpha_283.fits,M82,H_alpha,REGISTERED,2025-04-30T22:52:11.43,,2460796.4529100694
317,317.0,317.0,317.0,34.0,LDST_250430-0015_HALPHA.fit,LDST_250430,H_alpha,LIGHT,2025-04-30T22:52:11.43,,2460796.4529100694
318,318.0,318.0,318.0,215.0,reduced_M82_R*_150.fits,M82,R*,REDUCED,2025-04-30T22:53:17.03,,2460796.4536693287
319,319.0,319.0,319.0,354.0,registered_M82_R*_284.fits,M82,R*,REGISTERED,2025-04-30T22:53:17.03,,2460796.4536693287
320,320.0,320.0,320.0,438.0,LDST_250430-0016_R.fit,LDST_250430,R*,LIGHT,2025-04-30T22:53:17.03,,2460796.4536693287
321,321.0,321.0,321.0,268.0,registered_M82_G*_285.fits,M82,G*,REGISTERED,2025-04-30T22:54:21.28,,2460796.454412963
322,322.0,322.0,322.0,409.0,LDST_250430-0016_G.fit,LDST_250430,G*,LIGHT,2025-04-30T22:54:21.28,,2460796.454412963
323,323.0,323.0,323.0,379.0,reduced_M82_G*_151.fits,M82,G*,REDUCED,2025-04-30T22:54:21.28,,2460796.454412963
324,324.0,324.0,324.0,499.0,registered_M82_B*_286.fits,M82,B*,REGISTERED,2025-04-30T22:55:25.57,,2460796.45515706
325,325.0,325.0,325.0,261.0,LDST_250430-0016_B.fit,LDST_250430,B*,LIGHT,2025-04-30T22:55:25.57,,2460796.45515706
326,326.0,326.0,326.0,119.0,reduced_M82_B*_152.fits,M82,B*,REDUCED,2025-04-30T22:55:25.57,,2460796.45515706
327,327.0,327.0,327.0,248.0,registered_M82_H_alpha_287.fits,M82,H_alpha,REGISTERED,2025-04-30T22:56:29.60,,2460796.455898148
328,328.0,328.0,328.0,241.0,reduced_M82_H_alpha_153.fits,M82,H_alpha,REDUCED,2025-04-30T22:56:29.60,,2460796.455898148
329,329.0,329.0,329.0,375.0,LDST_250430-0016_HALPHA.fit,LDST_250430,H_alpha,LIGHT,2025-04-30T22:56:29.60,,2460796.455898148
330,330.0,330.0,330.0,496.0,LDST_250430-0017_R.fit,LDST_250430,R*,LIGHT,2025-04-30T22:58:24.02,,2460796.457222454
331,331.0,331.0,331.0,315.0,registered_M82_R*_288.fits,M82,R*,REGISTERED,2025-04-30T22:58:24.02,,2460796.457222454
332,332.0,332.0,332.0,254.0,reduced_M82_R*_154.fits,M82,R*,REDUCED,2025-04-30T22:58:24.02,,2460796.457222454
333,333.0,333.0,333.0,465.0,LDST_250430-0017_G.fit,LDST_250430,G*,LIGHT,2025-04-30T22:59:28.25,,2460796.4579658564
334,334.0,334.0,334.0,338.0,reduced_M82_G*_155.fits,M82,G*,REDUCED,2025-04-30T22:59:28.25,,2460796.4579658564
335,335.0,335.0,335.0,141.0,registered_M82_G*_289.fits,M82,G*,REGISTERED,2025-04-30T22:59:28.25,,2460796.4579658564
336,336.0,336.0,336.0,96.0,reduced_M82_B*_156.fits,M82,B*,REDUCED,2025-04-30T23:00:32.58,,2460796.4587104167
337,337.0,337.0,337.0,8.0,registered_M82_B*_290.fits,M82,B*,REGISTERED,2025-04-30T23:00:32.58,,2460796.4587104167
338,338.0,338.0,338.0,204.0,LDST_250430-0017_B.fit,LDST_250430,B*,LIGHT,2025-04-30T23:00:32.58,,2460796.4587104167
339,339.0,339.0,339.0,193.0,LDST_250430-0017_HALPHA.fit,LDST_250430,H_alpha,LIGHT,2025-04-30T23:01:36.62,,2460796.4594516205
340,340.0,340.0,340.0,283.0,registered_M82_H_alpha_291.fits,M82,H_alpha,REGISTERED,2025-04-30T23:01:36.62,,2460796.4594516205
341,341.0,341.0,341.0,219.0,reduced_M82_H_alpha_157.fits,M82,H_alpha,REDUCED,2025-04-30T23:01:36.62,,2460796.4594516205
342,342.0,342.0,342.0,205.0,registered_M82_R*_292.fits,M82,R*,REGISTERED,2025-04-30T23:02:42.33,,2460796.460212153
343,343.0,343.0,343.0,158.0,reduced_M82_R*_158.fits,M82,R*,REDUCED,2025-04-30T23:02:42.33,,2460796.460212153
344,344.0,344.0,344.0,324.0,LDST_250430-0018_R.fit,LDST_250430,R*,LIGHT,2025-04-30T23:02:42.33,,2460796.460212153
345,345.0,345.0,345.0,297.0,registered_M82_G*_293.fits,M82,G*,REGISTERED,2025-04-30T23:03:46.60,,2460796.4609560184
346,346.0,346.0,346.0,325.0,reduced_M82_G*_159.fits,M82,G*,REDUCED,2025-04-30T23:03:46.60,,2460796.4609560184
347,347.0,347.0,347.0,295.0,LDST_250430-0018_G.fit,LDST_250430,G*,LIGHT,2025-04-30T23:03:46.60,,2460796.4609560184
348,348.0,348.0,348.0,112.0,LDST_250430-0018_B.fit,LDST_250430,B*,LIGHT,2025-04-30T23:04:50.91,,2460796.461700348
349,349.0,349.0,349.0,326.0,reduced_M82_B*_160.fits,M82,B*,REDUCED,2025-04-30T23:04:50.91,,2460796.461700348
350,350.0,350.0,350.0,33.0,registered_M82_B*_294.fits,M82,B*,REGISTERED,2025-04-30T23:04:50.91,,2460796.461700348
351,351.0,351.0,351.0,448.0,reduced_M82_H_alpha_161.fits,M82,H_alpha,REDUCED,2025-04-30T23:05:55.13,,2460796.4624436344
352,352.0,352.0,352.0,443.0,LDST_250430-0018_HALPHA.fit,LDST_250430,H_alpha,LIGHT,2025-04-30T23:05:55.13,,2460796.4624436344
353,353.0,353.0,353.0,320.0,registered_M82_H_alpha_295.fits,M82,H_alpha,REGISTERED,2025-04-30T23:05:55.13,,2460796.4624436344
354,354.0,354.0,354.0,390.0,LDST_250430-0019_R.fit,LDST_250430,R*,LIGHT,2025-04-30T23:07:00.71,,2460796.463202662
355,355.0,355.0,355.0,162.0,registered_M82_R*_296.fits,M82,R*,REGISTERED,2025-04-30T23:07:00.71,,2460796.463202662
356,356.0,356.0,356.0,418.0,reduced_M82_R*_162.fits,M82,R*,REDUCED,2025-04-30T23:07:00.71,,2460796.463202662
357,357.0,357.0,357.0,356.0,LDST_250430-0019_G.fit,LDST_250430,G*,LIGHT,2025-04-30T23:08:05.02,,2460796.4639469907
358,358.0,358.0,358.0,35.0,reduced_M82_G*_163.fits,M82,G*,REDUCED,2025-04-30T23:08:05.02,,2460796.4639469907
359,359.0,359.0,359.0,329.0,registered_M82_G*_297.fits,M82,G*,REGISTERED,2025-04-30T23:08:05.02,,2460796.4639469907
360,360.0,360.0,360.0,40.0,LDST_250430-0019_B.fit,LDST_250430,B*,LIGHT,2025-04-30T23:09:09.23,,2460796.464690162
361,361.0,361.0,361.0,95.0,registered_M82_B*_298.fits,M82,B*,REGISTERED,2025-04-30T23:09:09.23,,2460796.464690162
362,362.0,362.0,362.0,299.0,reduced_M82_B*_164.fits,M82,B*,REDUCED,2025-04-30T23:09:09.23,,2460796.464690162
363,363.0,363.0,363.0,400.0,reduced_M82_H_alpha_165.fits,M82,H_alpha,REDUCED,2025-04-30T23:10:13.34,,2460796.465432176
364,364.0,364.0,364.0,134.0,LDST_250430-0019_HALPHA.fit,LDST_250430,H_alpha,LIGHT,2025-04-30T23:10:13.34,,2460796.465432176
365,365.0,365.0,365.0,351.0,registered_M82_H_alpha_299.fits,M82,H_alpha,REGISTERED,2025-04-30T23:10:13.34,,2460796.465432176
366,366.0,366.0,366.0,467.0,registered_M82_R*_300.fits,M82,R*,REGISTERED,2025-04-30T23:11:18.94,,2460796.466191435
367,367.0,367.0,367.0,476.0,LDST_250430-0020_R.fit,LDST_250430,R*,LIGHT,2025-04-30T23:11:18.94,,2460796.466191435
368,368.0,368.0,368.0,446.0,reduced_M82_R*_166.fits,M82,R*,REDUCED,2025-04-30T23:11:18.94,,2460796.466191435
369,369.0,369.0,369.0,493.0,LDST_250430-0020_G.fit,LDST_250430,G*,LIGHT,2025-04-30T23:12:23.10,,2460796.466934028
370,370.0,370.0,370.0,106.0,registered_M82_G*_301.fits,M82,G*,REGISTERED,2025-04-30T23:12:23.10,,2460796.466934028
371,371.0,371.0,371.0,6.0,reduced_M82_G*_167.fits,M82,G*,REDUCED,2025-04-30T23:12:23.10,,2460796.466934028
372,372.0,372.0,372.0,382.0,reduced_M82_B*_168.fits,M82,B*,REDUCED,2025-04-30T23:13:27.36,,2460796.4676777776
373,373.0,373.0,373.0,389.0,registered_M82_B*_302.fits,M82,B*,REGISTERED,2025-04-30T23:13:27.36,,2460796.4676777776
374,374.0,374.0,374.0,171.0,LDST_250430-0020_B.fit,LDST_250430,B*,LIGHT,2025-04-30T23:13:27.36,,2460796.4676777776
375,375.0,375.0,375.0,520.0,reduced_M82_H_alpha_169.fits,M82,H_alpha,REDUCED,2025-04-30T23:14:31.43,,2460796.468419329
376,376.0,376.0,376.0,131.0,registered_M82_H_alpha_303.fits,M82,H_alpha,REGISTERED,2025-04-30T23:14:31.43,,2460796.468419329
377,377.0,377.0,377.0,331.0,LDST_250430-0020_HALPHA.fit,LDST_250430,H_alpha,LIGHT,2025-04-30T23:14:31.43,,2460796.468419329
378,378.0,378.0,378.0,403.0,LDST_250430-0021_R.fit,LDST_250430,R*,LIGHT,2025-04-30T23:15:37.14,,2460796.469179861
379,379.0,379.0,379.0,78.0,reduced_M82_R*_170.fits,M82,R*,REDUCED,2025-04-30T23:15:37.14,,2460796.469179861
380,380.0,380.0,380.0,502.0,registered_M82_R*_304.fits,M82,R*,REGISTERED,2025-04-30T23:15:37.14,,2460796.469179861
381,381.0,381.0,381.0,61.0,registered_M82_G*_305.fits,M82,G*,REGISTERED,2025-04-30T23:16:41.50,,2460796.4699247684
382,382.0,382.0,382.0,494.0,reduced_M82_G*_171.fits,M82,G*,REDUCED,2025-04-30T23:16:41.50,,2460796.4699247684
383,383.0,383.0,383.0,447.0,LDST_250430-0021_G.fit,LDST_250430,G*,LIGHT,2025-04-30T23:16:41.50,,2460796.4699247684
384,384.0,384.0,384.0,236.0,LDST_250430-0021_B.fit,LDST_250430,B*,LIGHT,2025-04-30T23:17:45.74,,2460796.470668287
385,385.0,385.0,385.0,271.0,reduced_M82_B*_172.fits,M82,B*,REDUCED,2025-04-30T23:17:45.74,,2460796.470668287
386,386.0,386.0,386.0,360.0,registered_M82_B*_306.fits,M82,B*,REGISTERED,2025-04-30T23:17:45.74,,2460796.470668287
387,387.0,387.0,387.0,109.0,reduced_M82_H_alpha_173.fits,M82,H_alpha,REDUCED,2025-04-30T23:18:49.94,,2460796.4714113427
388,388.0,388.0,388.0,85.0,registered_M82_H_alpha_307.fits,M82,H_alpha,REGISTERED,2025-04-30T23:18:49.94,,2460796.4714113427
389,389.0,389.0,389.0,245.0,LDST_250430-0021_HALPHA.fit,LDST_250430,H_alpha,LIGHT,2025-04-30T23:18:49.94,,2460796.4714113427
390,390.0,390.0,390.0,,master_bias.fits,LDST_250430,,MASTER_BIAS,2025-04-30T18:22:10.41,,2460796.265398264
391,391.0,391.0,,,master_flat_H_alpha.fits,LDST_250430,H_alpha,MASTER_BIAS,2025-04-30T18:44:34.30,,2460796.2809525463
392,392.0,392.0,,,master_flat_B*.fits,LDST_250430,B*,MASTER_BIAS,2025-04-30T18:44:34.30,,2460796.2809525463
393,393.0,393.0,,,master_flat_G*.fits,LDST_250430,G*,MASTER_BIAS,2025-04-30T18:44:34.30,,2460796.2809525463
394,394.0,394.0,,,master_flat_R*.fits,LDST_250430,R*,MASTER_BIAS,2025-04-30T18:44:34.30,,2460796.2809525463
395,395.0,395.0,,,master_flat_Lum.fits,LDST_250430,Lum,MASTER_BIAS,2025-04-30T18:44:34.30,,2460796.2809525463
396,396.0,396.0,,,reduced_M82_R*_47.fits,M82,R*,REDUCED,2025-04-30T20:45:00.06,,2460796.364584028
397,397.0,397.0,,,reduced_M82_G*_50.fits,M82,G*,REDUCED,2025-04-30T20:46:04.32,,2460796.365327778
398,398.0,398.0,,,reduced_M82_B*_52.fits,M82,B*,REDUCED,2025-04-30T20:47:08.89,,2460796.366075116
399,399.0,399.0,,,reduced_M82_H_alpha_53.fits,M82,H_alpha,REDUCED,2025-04-30T20:48:13.04,,2460796.3668175926
400,400.0,400.0,,,reduced_M82_R*_61.fits,M82,R*,REDUCED,2025-04-30T20:49:19.01,,2460796.367581134
401,401.0,401.0,,,reduced_M82_G*_67.fits,M82,G*,REDUCED,2025-04-30T20:50:23.38,,2460796.3683261573
402,402.0,402.0,,,reduced_M82_B*_68.fits,M82,B*,REDUCED,2025-04-30T20:51:27.67,,2460796.3690702547
403,403.0,403.0,,,reduced_M82_H_alpha_73.fits,M82,H_alpha,REDUCED,2025-04-30T20:52:31.87,,2460796.36981331
404,404.0,404.0,,,reduced_M82_R*_75.fits,M82,R*,REDUCED,2025-04-30T20:53:37.69,,2460796.370575116
405,405.0,405.0,,,reduced_M82_G*_78.fits,M82,G*,REDUCED,2025-04-30T20:54:42.27,,2460796.371322569
406,406.0,406.0,,,reduced_M82_B*_80.fits,M82,B*,REDUCED,2025-04-30T20:55:46.63,,2460796.372067477
407,407.0,407.0,,,reduced_M82_H_alpha_84.fits,M82,H_alpha,REDUCED,2025-04-30T20:56:50.77,,2460796.372809838
408,408.0,408.0,,,reduced_M82_R*_87.fits,M82,R*,REDUCED,2025-04-30T20:57:56.60,,2460796.373571759
409,409.0,409.0,,,reduced_M82_G*_91.fits,M82,G*,REDUCED,2025-04-30T20:59:00.89,,2460796.3743158565
410,410.0,410.0,,,reduced_M82_B*_94.fits,M82,B*,REDUCED,2025-04-30T21:00:05.27,,2460796.375060996
411,411.0,411.0,,,reduced_M82_H_alpha_97.fits,M82,H_alpha,REDUCED,2025-04-30T21:01:09.48,,2460796.375804167
412,412.0,412.0,,,reduced_M82_R*_98.fits,M82,R*,REDUCED,2025-04-30T21:02:15.39,,2460796.376567014
413,413.0,413.0,,,reduced_M82_G*_103.fits,M82,G*,REDUCED,2025-04-30T21:03:19.69,,2460796.377311227
414,414.0,414.0,,,reduced_M82_B*_104.fits,M82,B*,REDUCED,2025-04-30T21:04:24.00,,2460796.378055556
415,415.0,415.0,,,reduced_M82_H_alpha_107.fits,M82,H_alpha,REDUCED,2025-04-30T21:05:28.19,,2460796.3787984955
416,416.0,416.0,,,reduced_M82_R*_110.fits,M82,R*,REDUCED,2025-04-30T21:06:41.75,,2460796.379649884
417,417.0,417.0,,,reduced_M82_G*_114.fits,M82,G*,REDUCED,2025-04-30T21:07:46.14,,2460796.380395139
418,418.0,418.0,,,reduced_M82_B*_118.fits,M82,B*,REDUCED,2025-04-30T21:08:50.40,,2460796.381138889
419,419.0,419.0,,,reduced_M82_H_alpha_119.fits,M82,H_alpha,REDUCED,2025-04-30T21:09:54.65,,2460796.381882523
420,420.0,420.0,,,reduced_M82_R*_124.fits,M82,R*,REDUCED,2025-04-30T21:11:00.48,,2460796.382644444
421,421.0,421.0,,,reduced_M82_G*_126.fits,M82,G*,REDUCED,2025-04-30T21:12:04.89,,2460796.3833899307
422,422.0,422.0,,,reduced_M82_B*_130.fits,M82,B*,REDUCED,2025-04-30T21:13:09.29,,2460796.3841353008
423,423.0,423.0,,,reduced_M82_H_alpha_131.fits,M82,H_alpha,REDUCED,2025-04-30T21:14:13.54,,2460796.384878936
424,424.0,424.0,,,reduced_M82_R*_135.fits,M82,R*,REDUCED,2025-04-30T21:15:19.37,,2460796.3856408563
425,425.0,425.0,,,reduced_M82_G*_137.fits,M82,G*,REDUCED,2025-04-30T21:16:23.67,,2460796.386385069
426,426.0,426.0,,,reduced_M82_B*_141.fits,M82,B*,REDUCED,2025-04-30T21:17:28.02,,2460796.387129861
427,427.0,427.0,,,reduced_M82_H_alpha_145.fits,M82,H_alpha,REDUCED,2025-04-30T21:18:32.21,,2460796.3878728007
428,428.0,428.0,,,reduced_M82_R*_148.fits,M82,R*,REDUCED,2025-04-30T21:19:37.96,,2460796.3886337965
429,429.0,429.0,,,reduced_M82_G*_150.fits,M82,G*,REDUCED,2025-04-30T21:20:42.33,,2460796.38937882
430,430.0,430.0,,,reduced_M82_B*_153.fits,M82,B*,REDUCED,2025-04-30T21:21:46.63,,2460796.3901230325
431,431.0,431.0,,,reduced_M82_H_alpha_156.fits,M82,H_alpha,REDUCED,2025-04-30T21:22:50.86,,2460796.390866435
432,432.0,432.0,,,reduced_M82_R*_158.fits,M82,R*,REDUCED,2025-04-30T21:23:56.79,,2460796.391629514
433,433.0,433.0,,,reduced_M82_G*_163.fits,M82,G*,REDUCED,2025-04-30T21:25:01.06,,2460796.39237338
434,434.0,434.0,,,reduced_M82_B*_164.fits,M82,B*,REDUCED,2025-04-30T21:26:05.42,,2460796.393118287
435,435.0,435.0,,,reduced_M82_H_alpha_168.fits,M82,H_alpha,REDUCED,2025-04-30T21:27:09.54,,2460796.3938604165
436,436.0,436.0,,,reduced_M82_R*_170.fits,M82,R*,REDUCED,2025-04-30T21:32:37.55,,2460796.3976568286
437,437.0,437.0,,,reduced_M82_G*_175.fits,M82,G*,REDUCED,2025-04-30T21:33:41.81,,2460796.398400578
438,438.0,438.0,,,reduced_M82_B*_178.fits,M82,B*,REDUCED,2025-04-30T21:34:45.99,,2460796.399143403
439,439.0,439.0,,,reduced_M82_H_alpha_181.fits,M82,H_alpha,REDUCED,2025-04-30T21:35:50.16,,2460796.399886112
440,440.0,440.0,,,reduced_M82_R*_182.fits,M82,R*,REDUCED,2025-04-30T21:55:39.16,,2460796.413647685
441,441.0,441.0,,,reduced_M82_G*_184.fits,M82,G*,REDUCED,2025-04-30T21:56:23.47,,2460796.4141605324
442,442.0,442.0,,,reduced_M82_B*_187.fits,M82,B*,REDUCED,2025-04-30T21:57:07.74,,2460796.4146729168
443,443.0,443.0,,,reduced_M82_H_alpha_188.fits,M82,H_alpha,REDUCED,2025-04-30T21:57:51.97,,2460796.4151848378
444,444.0,444.0,,,reduced_M82_R*_191.fits,M82,R*,REDUCED,2025-04-30T21:58:41.81,,2460796.4157616897
445,445.0,445.0,,,reduced_M82_G*_192.fits,M82,G*,REDUCED,2025-04-30T21:59:26.03,,2460796.416273495
446,446.0,446.0,,,reduced_M82_B*_195.fits,M82,B*,REDUCED,2025-04-30T22:00:10.36,,2460796.4167865743
447,447.0,447.0,,,reduced_M82_H_alpha_197.fits,M82,H_alpha,REDUCED,2025-04-30T22:00:54.38,,2460796.417296065
448,448.0,448.0,,,reduced_M82_R*_198.fits,M82,R*,REDUCED,2025-04-30T22:01:40.14,,2460796.4178256947
449,449.0,449.0,,,reduced_M82_G*_201.fits,M82,G*,REDUCED,2025-04-30T22:02:24.42,,2460796.4183381945
450,450.0,450.0,,,reduced_M82_B*_202.fits,M82,B*,REDUCED,2025-04-30T22:03:08.73,,2460796.4188510417
451,451.0,451.0,,,reduced_M82_H_alpha_205.fits,M82,H_alpha,REDUCED,2025-04-30T22:03:52.94,,2460796.419362732
452,452.0,452.0,,,reduced_M82_R*_207.fits,M82,R*,REDUCED,2025-04-30T22:04:38.58,,2460796.4198909723
453,453.0,453.0,,,reduced_M82_G*_209.fits,M82,G*,REDUCED,2025-04-30T22:05:22.76,,2460796.420402315
454,454.0,454.0,,,reduced_M82_B*_210.fits,M82,B*,REDUCED,2025-04-30T22:06:07.10,,2460796.420915509
455,455.0,455.0,,,reduced_M82_H_alpha_213.fits,M82,H_alpha,REDUCED,2025-04-30T22:06:51.19,,2460796.42142581
456,456.0,456.0,,,reduced_M82_R*_214.fits,M82,R*,REDUCED,2025-04-30T22:07:36.74,,2460796.421953009
457,457.0,457.0,,,reduced_M82_G*_217.fits,M82,G*,REDUCED,2025-04-30T22:08:21.11,,2460796.422466551
458,458.0,458.0,,,reduced_M82_B*_219.fits,M82,B*,REDUCED,2025-04-30T22:09:05.22,,2460796.422977084
459,459.0,459.0,,,reduced_M82_H_alpha_220.fits,M82,H_alpha,REDUCED,2025-04-30T22:09:49.39,,2460796.42348831
460,460.0,460.0,,,reduced_M82_R*_223.fits,M82,R*,REDUCED,2025-04-30T22:10:35.09,,2460796.4240172454
461,461.0,461.0,,,reduced_M82_G*_225.fits,M82,G*,REDUCED,2025-04-30T22:11:19.34,,2460796.4245293983
462,462.0,462.0,,,reduced_M82_B*_226.fits,M82,B*,REDUCED,2025-04-30T22:12:03.70,,2460796.425042824
463,463.0,463.0,,,reduced_M82_H_alpha_228.fits,M82,H_alpha,REDUCED,2025-04-30T22:12:47.89,,2460796.4255542825
464,464.0,464.0,,,reduced_M82_R*_231.fits,M82,R*,REDUCED,2025-04-30T22:17:13.55,,2460796.428629051
465,465.0,465.0,,,reduced_M82_G*_232.fits,M82,G*,REDUCED,2025-04-30T22:17:57.80,,2460796.429141204
466,466.0,466.0,,,reduced_M82_B*_234.fits,M82,B*,REDUCED,2025-04-30T22:18:42.08,,2460796.429653704
467,467.0,467.0,,,reduced_M82_H_alpha_236.fits,M82,H_alpha,REDUCED,2025-04-30T22:19:26.30,,2460796.430165509
468,468.0,468.0,,,reduced_M82_R*_239.fits,M82,R*,REDUCED,2025-04-30T22:20:12.00,,2460796.4306944446
469,469.0,469.0,,,reduced_M82_G*_240.fits,M82,G*,REDUCED,2025-04-30T22:20:56.32,,2460796.431207408
470,470.0,470.0,,,reduced_M82_B*_243.fits,M82,B*,REDUCED,2025-04-30T22:21:40.57,,2460796.43171956
471,471.0,471.0,,,reduced_M82_H_alpha_244.fits,M82,H_alpha,REDUCED,2025-04-30T22:22:24.73,,2460796.4322306714
472,472.0,472.0,,,reduced_M82_R*_246.fits,M82,R*,REDUCED,2025-04-30T22:23:10.38,,2460796.432759028
473,473.0,473.0,,,reduced_M82_G*_249.fits,M82,G*,REDUCED,2025-04-30T22:23:54.67,,2460796.433271644
474,474.0,474.0,,,reduced_M82_B*_251.fits,M82,B*,REDUCED,2025-04-30T22:24:38.99,,2460796.4337846064
475,475.0,475.0,,,reduced_M82_H_alpha_253.fits,M82,H_alpha,REDUCED,2025-04-30T22:25:23.29,,2460796.434297338
476,476.0,476.0,,,reduced_M82_R*_254.fits,M82,R*,REDUCED,2025-04-30T22:26:08.88,,2460796.434825
477,477.0,477.0,,,reduced_M82_G*_256.fits,M82,G*,REDUCED,2025-04-30T22:26:53.47,,2460796.435341088
478,478.0,478.0,,,reduced_M82_B*_258.fits,M82,B*,REDUCED,2025-04-30T22:27:37.76,,2460796.435853704
479,479.0,479.0,,,reduced_M82_H_alpha_261.fits,M82,H_alpha,REDUCED,2025-04-30T22:28:21.87,,2460796.4363642363
480,480.0,480.0,,,reduced_M82_R*_262.fits,M82,R*,REDUCED,2025-04-30T22:29:07.54,,2460796.436892824
481,481.0,481.0,,,reduced_M82_G*_264.fits,M82,G*,REDUCED,2025-04-30T22:29:51.91,,2460796.4374063658
482,482.0,482.0,,,reduced_M82_B*_267.fits,M82,B*,REDUCED,2025-04-30T22:30:36.17,,2460796.437918634
483,483.0,483.0,,,reduced_M82_H_alpha_269.fits,M82,H_alpha,REDUCED,2025-04-30T22:31:20.29,,2460796.4384292825
484,484.0,484.0,,,reduced_M82_R*_271.fits,M82,R*,REDUCED,2025-04-30T22:36:04.05,,2460796.4417135417
485,485.0,485.0,,,reduced_M82_G*_275.fits,M82,G*,REDUCED,2025-04-30T22:37:08.35,,2460796.4424577546
486,486.0,486.0,,,reduced_M82_B*_278.fits,M82,B*,REDUCED,2025-04-30T22:38:12.68,,2460796.443202315
487,487.0,487.0,,,reduced_M82_H_alpha_279.fits,M82,H_alpha,REDUCED,2025-04-30T22:39:16.77,,2460796.443944097
488,488.0,488.0,,,reduced_M82_R*_282.fits,M82,R*,REDUCED,2025-04-30T22:40:22.43,,2460796.444704051
489,489.0,489.0,,,reduced_M82_G*_287.fits,M82,G*,REDUCED,2025-04-30T22:41:26.59,,2460796.4454466435
490,490.0,490.0,,,reduced_M82_B*_290.fits,M82,B*,REDUCED,2025-04-30T22:42:30.80,,2460796.4461898147
491,491.0,491.0,,,reduced_M82_H_alpha_293.fits,M82,H_alpha,REDUCED,2025-04-30T22:43:34.92,,2460796.446931944
492,492.0,492.0,,,reduced_M82_R*_294.fits,M82,R*,REDUCED,2025-04-30T22:44:40.53,,2460796.4476913195
493,493.0,493.0,,,reduced_M82_G*_299.fits,M82,G*,REDUCED,2025-04-30T22:45:44.79,,2460796.448435069
494,494.0,494.0,,,reduced_M82_B*_301.fits,M82,B*,REDUCED,2025-04-30T22:46:49.15,,2460796.4491799767
495,495.0,495.0,,,reduced_M82_H_alpha_304.fits,M82,H_alpha,REDUCED,2025-04-30T22:47:53.30,,2460796.4499224536
496,496.0,496.0,,,reduced_M82_R*_308.fits,M82,R*,REDUCED,2025-04-30T22:48:58.83,,2460796.4506809027
497,497.0,497.0,,,reduced_M82_G*_310.fits,M82,G*,REDUCED,2025-04-30T22:50:03.07,,2460796.4514244213
498,498.0,498.0,,,reduced_M82_B*_312.fits,M82,B*,REDUCED,2025-04-30T22:51:07.35,,2460796.4521684027
499,499.0,499.0,,,reduced_M82_H_alpha_317.fits,M82,H_alpha,REDUCED,2025-04-30T22:52:11.43,,2460796.4529100694
500,500.0,500.0,,,reduced_M82_R*_320.fits,M82,R*,REDUCED,2025-04-30T22:53:17.03,,2460796.4536693287
501,501.0,501.0,,,reduced_M82_G*_322.fits,M82,G*,REDUCED,2025-04-30T22:54:21.28,,2460796.454412963
502,502.0,502.0,,,reduced_M82_B*_325.fits,M82,B*,REDUCED,2025-04-30T22:55:25.57,,2460796.45515706
503,503.0,503.0,,,reduced_M82_H_alpha_329.fits,M82,H_alpha,REDUCED,2025-04-30T22:56:29.60,,2460796.455898148
504,504.0,504.0,,,reduced_M82_R*_330.fits,M82,R*,REDUCED,2025-04-30T22:58:24.02,,2460796.457222454
505,505.0,505.0,,,reduced_M82_G*_333.fits,M82,G*,REDUCED,2025-04-30T22:59:28.25,,2460796.4579658564
506,506.0,506.0,,,reduced_M82_B*_338.fits,M82,B*,REDUCED,2025-04-30T23:00:32.58,,2460796.4587104167
507,507.0,507.0,,,reduced_M82_H_alpha_339.fits,M82,H_alpha,REDUCED,2025-04-30T23:01:36.62,,2460796.4594516205
508,508.0,508.0,,,reduced_M82_R*_344.fits,M82,R*,REDUCED,2025-04-30T23:02:42.33,,2460796.460212153
509,509.0,509.0,,,reduced_M82_G*_347.fits,M82,G*,REDUCED,2025-04-30T23:03:46.60,,2460796.4609560184
510,510.0,510.0,,,reduced_M82_B*_348.fits,M82,B*,REDUCED,2025-04-30T23:04:50.91,,2460796.461700348
511,511.0,511.0,,,reduced_M82_H_alpha_352.fits,M82,H_alpha,REDUCED,2025-04-30T23:05:55.13,,2460796.4624436344
512,512.0,512.0,,,reduced_M82_R*_354.fits,M82,R*,REDUCED,2025-04-30T23:07:00.71,,2460796.463202662
513,513.0,513.0,,,reduced_M82_G*_357.fits,M82,G*,REDUCED,2025-04-30T23:08:05.02,,2460796.4639469907
514,514.0,514.0,,,reduced_M82_B*_360.fits,M82,B*,REDUCED,2025-04-30T23:09:09.23,,2460796.464690162
515,515.0,515.0,,,reduced_M82_H_alpha_364.fits,M82,H_alpha,REDUCED,2025-04-30T23:10:13.34,,2460796.465432176
516,516.0,516.0,,,reduced_M82_R*_367.fits,M82,R*,REDUCED,2025-04-30T23:11:18.94,,2460796.466191435
517,517.0,517.0,,,reduced_M82_G*_369.fits,M82,G*,REDUCED,2025-04-30T23:12:23.10,,2460796.466934028
518,518.0,518.0,,,reduced_M82_B*_374.fits,M82,B*,REDUCED,2025-04-30T23:13:27.36,,2460796.4676777776
519,519.0,519.0,,,reduced_M82_H_alpha_377.fits,M82,H_alpha,REDUCED,2025-04-30T23:14:31.43,,2460796.468419329
520,520.0,520.0,,,reduced_M82_R*_378.fits,M82,R*,REDUCED,2025-04-30T23:15:37.14,,2460796.469179861
521,521.0,521.0,,,reduced_M82_G*_383.fits,M82,G*,REDUCED,2025-04-30T23:16:41.50,,2460796.4699247684
522,522.0,522.0,,,reduced_M82_B*_384.fits,M82,B*,REDUCED,2025-04-30T23:17:45.74,,2460796.470668287
523,523.0,523.0,,,reduced_M82_H_alpha_389.fits,M82,H_alpha,REDUCED,2025-04-30T23:18:49.94,,2460796.4714113427
524,524.0,,,,registered_M82_R*_59.fits,M82,R*,REGISTERED,2025-04-30T20:49:19.01,,2460796.367581134
525,525.0,,,,registered_M82_G*_66.fits,M82,G*,REGISTERED,2025-04-30T20:50:23.38,,2460796.3683261573
526,526.0,,,,registered_M82_B*_69.fits,M82,B*,REGISTERED,2025-04-30T20:47:08.89,,2460796.366075116
527,527.0,,,,registered_M82_H_alpha_72.fits,M82,H_alpha,REGISTERED,2025-04-30T20:48:13.04,,2460796.3668175926
528,528.0,,,,registered_M82_R*_74.fits,M82,R*,REGISTERED,2025-04-30T20:53:37.69,,2460796.370575116
529,529.0,,,,registered_M82_G*_77.fits,M82,G*,REGISTERED,2025-04-30T20:54:42.27,,2460796.371322569
530,530.0,,,,registered_M82_B*_82.fits,M82,B*,REGISTERED,2025-04-30T20:55:46.63,,2460796.372067477
531,531.0,,,,registered_M82_H_alpha_83.fits,M82,H_alpha,REGISTERED,2025-04-30T20:56:50.77,,2460796.372809838
532,532.0,,,,registered_M82_R*_88.fits,M82,R*,REGISTERED,2025-04-30T20:57:56.60,,2460796.373571759
533,533.0,,,,registered_M82_G*_90.fits,M82,G*,REGISTERED,2025-04-30T20:59:00.89,,2460796.3743158565
534,534.0,,,,registered_M82_B*_92.fits,M82,B*,REGISTERED,2025-04-30T21:00:05.27,,2460796.375060996
535,535.0,,,,registered_M82_H_alpha_95.fits,M82,H_alpha,REGISTERED,2025-04-30T21:01:09.48,,2460796.375804167
536,536.0,,,,registered_M82_R*_100.fits,M82,R*,REGISTERED,2025-04-30T21:02:15.39,,2460796.376567014
537,537.0,,,,registered_M82_G*_102.fits,M82,G*,REGISTERED,2025-04-30T21:03:19.69,,2460796.377311227
538,538.0,,,,registered_M82_B*_105.fits,M82,B*,REGISTERED,2025-04-30T21:04:24.00,,2460796.378055556
539,539.0,,,,registered_M82_H_alpha_109.fits,M82,H_alpha,REGISTERED,2025-04-30T21:05:28.19,,2460796.3787984955
540,540.0,,,,registered_M82_R*_112.fits,M82,R*,REGISTERED,2025-04-30T21:06:41.75,,2460796.379649884
541,541.0,,,,registered_M82_G*_115.fits,M82,G*,REGISTERED,2025-04-30T20:50:23.38,,2460796.3683261573
542,542.0,,,,registered_M82_B*_116.fits,M82,B*,REGISTERED,2025-04-30T20:51:27.67,,2460796.3690702547
543,543.0,,,,registered_M82_H_alpha_120.fits,M82,H_alpha,REGISTERED,2025-04-30T21:09:54.65,,2460796.381882523
544,544.0,,,,registered_M82_R*_122.fits,M82,R*,REGISTERED,2025-04-30T21:11:00.48,,2460796.382644444
545,545.0,,,,registered_M82_G*_127.fits,M82,G*,REGISTERED,2025-04-30T21:12:04.89,,2460796.3833899307
546,546.0,,,,registered_M82_B*_129.fits,M82,B*,REGISTERED,2025-04-30T21:13:09.29,,2460796.3841353008
547,547.0,,,,registered_M82_H_alpha_132.fits,M82,H_alpha,REGISTERED,2025-04-30T20:52:31.87,,2460796.36981331
548,548.0,,,,registered_M82_R*_134.fits,M82,R*,REGISTERED,2025-04-30T21:15:19.37,,2460796.3856408563
549,549.0,,,,registered_M82_G*_138.fits,M82,G*,REGISTERED,2025-04-30T21:16:23.67,,2460796.386385069
550,550.0,,,,registered_M82_B*_142.fits,M82,B*,REGISTERED,2025-04-30T21:17:28.02,,2460796.387129861
551,551.0,,,,registered_M82_H_alpha_143.fits,M82,H_alpha,REGISTERED,2025-04-30T21:18:32.21,,2460796.3878728007
552,552.0,,,,registered_M82_R*_147.fits,M82,R*,REGISTERED,2025-04-30T21:19:37.96,,2460796.3886337965
553,553.0,,,,registered_M82_G*_151.fits,M82,G*,REGISTERED,2025-04-30T21:20:42.33,,2460796.38937882
554,554.0,,,,registered_M82_B*_154.fits,M82,B*,REGISTERED,2025-04-30T20:55:46.63,,2460796.372067477
555,555.0,,,,registered_M82_H_alpha_155.fits,M82,H_alpha,REGISTERED,2025-04-30T21:22:50.86,,2460796.390866435
556,556.0,,,,registered_M82_R*_159.fits,M82,R*,REGISTERED,2025-04-30T21:23:56.79,,2460796.391629514
557,557.0,,,,registered_M82_G*_161.fits,M82,G*,REGISTERED,2025-04-30T21:25:01.06,,2460796.39237338
558,558.0,,,,registered_M82_B*_165.fits,M82,B*,REGISTERED,2025-04-30T21:26:05.42,,2460796.393118287
559,559.0,,,,registered_M82_H_alpha_169.fits,M82,H_alpha,REGISTERED,2025-04-30T21:27:09.54,,2460796.3938604165
560,560.0,,,,registered_M82_R*_171.fits,M82,R*,REGISTERED,2025-04-30T21:32:37.55,,2460796.3976568286
561,561.0,,,,registered_M82_G*_174.fits,M82,G*,REGISTERED,2025-04-30T21:33:41.81,,2460796.398400578
562,562.0,,,,registered_M82_B*_176.fits,M82,B*,REGISTERED,2025-04-30T21:34:45.99,,2460796.399143403
563,563.0,,,,registered_M82_H_alpha_180.fits,M82,H_alpha,REGISTERED,2025-04-30T21:35:50.16,,2460796.3998861117
564,564.0,,,,registered_M82_G*_185.fits,M82,G*,REGISTERED,2025-04-30T20:59:00.89,,2460796.3743158565
565,565.0,,,,registered_M82_H_alpha_196.fits,M82,H_alpha,REGISTERED,2025-04-30T21:01:09.48,,2460796.375804167
566,566.0,,,,registered_M82_R*_199.fits,M82,R*,REGISTERED,2025-04-30T21:02:15.39,,2460796.376567014
567,567.0,,,,registered_M82_G*_208.fits,M82,G*,REGISTERED,2025-04-30T21:03:19.69,,2460796.377311227
568,568.0,,,,registered_M82_B*_211.fits,M82,B*,REGISTERED,2025-04-30T21:04:24.00,,2460796.378055556
569,569.0,,,,registered_M82_R*_222.fits,M82,R*,REGISTERED,2025-04-30T21:06:41.75,,2460796.379649884
570,570.0,,,,registered_M82_R*_272.fits,M82,R*,REGISTERED,2025-04-30T22:36:04.05,,2460796.4417135417
571,571.0,,,,registered_M82_G*_274.fits,M82,G*,REGISTERED,2025-04-30T22:37:08.35,,2460796.4424577546
572,572.0,,,,registered_M82_B*_277.fits,M82,B*,REGISTERED,2025-04-30T22:38:12.68,,2460796.443202315
573,573.0,,,,registered_M82_H_alpha_280.fits,M82,H_alpha,REGISTERED,2025-04-30T22:39:16.77,,2460796.443944097
574,574.0,,,,registered_M82_R*_284.fits,M82,R*,REGISTERED,2025-04-30T22:40:22.43,,2460796.444704051
575,575.0,,,,registered_M82_G*_285.fits,M82,G*,REGISTERED,2025-04-30T22:41:26.59,,2460796.4454466435
576,576.0,,,,registered_M82_B*_288.fits,M82,B*,REGISTERED,2025-04-30T22:42:30.80,,2460796.4461898147
577,577.0,,,,registered_M82_H_alpha_291.fits,M82,H_alpha,REGISTERED,2025-04-30T22:43:34.92,,2460796.446931944
578,578.0,,,,registered_M82_R*_295.fits,M82,R*,REGISTERED,2025-04-30T22:44:40.53,,2460796.4476913195
579,579.0,,,,registered_M82_G*_298.fits,M82,G*,REGISTERED,2025-04-30T22:45:44.79,,2460796.448435069
580,580.0,,,,registered_M82_B*_302.fits,M82,B*,REGISTERED,2025-04-30T22:46:49.15,,2460796.4491799767
581,581.0,,,,registered_M82_H_alpha_305.fits,M82,H_alpha,REGISTERED,2025-04-30T21:18:32.21,,2460796.3878728007
582,582.0,,,,registered_M82_R*_306.fits,M82,R*,REGISTERED,2025-04-30T22:48:58.83,,2460796.4506809027
583,583.0,,,,registered_M82_G*_309.fits,M82,G*,REGISTERED,2025-04-30T22:50:03.07,,2460796.4514244213
584,584.0,,,,registered_M82_B*_314.fits,M82,B*,REGISTERED,2025-04-30T22:51:07.35,,2460796.4521684027
585,585.0,,,,registered_M82_H_alpha_315.fits,M82,H_alpha,REGISTERED,2025-04-30T22:52:11.43,,2460796.4529100694
586,586.0,,,,registered_M82_R*_318.fits,M82,R*,REGISTERED,2025-04-30T22:53:17.03,,2460796.4536693287
587,587.0,,,,registered_M82_G*_323.fits,M82,G*,REGISTERED,2025-04-30T22:54:21.28,,2460796.454412963
588,588.0,,,,registered_M82_B*_326.fits,M82,B*,REGISTERED,2025-04-30T22:55:25.57,,2460796.45515706
589,589.0,,,,registered_M82_H_alpha_328.fits,M82,H_alpha,REGISTERED,2025-04-30T22:56:29.60,,2460796.455898148
590,590.0,,,,registered_M82_R*_332.fits,M82,R*,REGISTERED,2025-04-30T22:58:24.02,,2460796.457222454
591,591.0,,,,registered_M82_G*_334.fits,M82,G*,REGISTERED,2025-04-30T22:59:28.25,,2460796.4579658564
592,592.0,,,,registered_M82_B*_336.fits,M82,B*,REGISTERED,2025-04-30T23:00:32.58,,2460796.4587104167
593,593.0,,,,registered_M82_H_alpha_341.fits,M82,H_alpha,REGISTERED,2025-04-30T23:01:36.62,,2460796.4594516205
594,594.0,,,,registered_M82_R*_343.fits,M82,R*,REGISTERED,2025-04-30T21:23:56.79,,2460796.391629514
595,595.0,,,,registered_M82_G*_346.fits,M82,G*,REGISTERED,2025-04-30T23:03:46.60,,2460796.4609560184
596,596.0,,,,registered_M82_B*_349.fits,M82,B*,REGISTERED,2025-04-30T23:04:50.91,,2460796.4617003477
597,597.0,,,,registered_M82_H_alpha_351.fits,M82,H_alpha,REGISTERED,2025-04-30T23:05:55.13,,2460796.4624436344
598,598.0,,,,registered_M82_R*_356.fits,M82,R*,REGISTERED,2025-04-30T23:07:00.71,,2460796.463202662
599,599.0,,,,registered_M82_G*_358.fits,M82,G*,REGISTERED,2025-04-30T21:25:01.06,,2460796.39237338
600,600.0,,,,registered_M82_B*_362.fits,M82,B*,REGISTERED,2025-04-30T21:26:05.42,,2460796.393118287
601,601.0,,,,registered_M82_H_alpha_363.fits,M82,H_alpha,REGISTERED,2025-04-30T23:10:13.34,,2460796.465432176
602,602.0,,,,registered_M82_R*_368.fits,M82,R*,REGISTERED,2025-04-30T23:11:18.94,,2460796.466191435
603,603.0,,,,registered_M82_G*_371.fits,M82,G*,REGISTERED,2025-04-30T23:12:23.10,,2460796.466934028
604,604.0,,,,registered_M82_B*_372.fits,M82,B*,REGISTERED,2025-04-30T23:13:27.36,,2460796.4676777776
605,605.0,,,,registered_M82_H_alpha_375.fits,M82,H_alpha,REGISTERED,2025-04-30T23:14:31.43,,2460796.468419329
606,606.0,,,,registered_M82_R*_379.fits,M82,R*,REGISTERED,2025-04-30T21:32:37.55,,2460796.3976568286
607,607.0,,,,registered_M82_G*_382.fits,M82,G*,REGISTERED,2025-04-30T23:16:41.50,,2460796.4699247684
608,608.0,,,,registered_M82_B*_385.fits,M82,B*,REGISTERED,2025-04-30T23:17:45.74,,2460796.470668287
609,609.0,,,,registered_M82_H_alpha_387.fits,M82,H_alpha,REGISTERED,2025-04-30T23:18:49.94,,2460796.4714113427
610,610.0,,,,registered_M82_R*_396.fits,M82,R*,REGISTERED,2025-04-30T20:45:00.06,,2460796.364584028
611,611.0,,,,registered_M82_G*_397.fits,M82,G*,REGISTERED,2025-04-30T20:46:04.32,,2460796.365327778
612,612.0,,,,registered_M82_B*_398.fits,M82,B*,REGISTERED,2025-04-30T20:47:08.89,,2460796.366075116
613,613.0,,,,registered_M82_H_alpha_399.fits,M82,H_alpha,REGISTERED,2025-04-30T20:48:13.04,,2460796.3668175926
614,614.0,,,,registered_M82_R*_400.fits,M82,R*,REGISTERED,2025-04-30T20:49:19.01,,2460796.367581134
615,615.0,,,,registered_M82_G*_401.fits,M82,G*,REGISTERED,2025-04-30T20:50:23.38,,2460796.3683261573
616,616.0,,,,registered_M82_B*_402.fits,M82,B*,REGISTERED,2025-04-30T20:51:27.67,,2460796.3690702547
617,617.0,,,,registered_M82_H_alpha_403.fits,M82,H_alpha,REGISTERED,2025-04-30T20:52:31.87,,2460796.36981331
618,618.0,,,,registered_M82_R*_404.fits,M82,R*,REGISTERED,2025-04-30T20:53:37.69,,2460796.370575116
619,619.0,,,,registered_M82_G*_405.fits,M82,G*,REGISTERED,2025-04-30T20:54:42.27,,2460796.371322569
620,620.0,,,,registered_M82_B*_406.fits,M82,B*,REGISTERED,2025-04-30T20:55:46.63,,2460796.372067477
621,621.0,,,,registered_M82_H_alpha_407.fits,M82,H_alpha,REGISTERED,2025-04-30T20:56:50.77,,2460796.372809838
622,622.0,,,,registered_M82_R*_408.fits,M82,R*,REGISTERED,2025-04-30T20:57:56.60,,2460796.373571759
623,623.0,,,,registered_M82_G*_409.fits,M82,G*,REGISTERED,2025-04-30T20:59:00.89,,2460796.3743158565
624,624.0,,,,registered_M82_B*_410.fits,M82,B*,REGISTERED,2025-04-30T21:00:05.27,,2460796.375060996
625,625.0,,,,registered_M82_H_alpha_411.fits,M82,H_alpha,REGISTERED,2025-04-30T21:01:09.48,,2460796.375804167
626,626.0,,,,registered_M82_R*_412.fits,M82,R*,REGISTERED,2025-04-30T21:02:15.39,,2460796.376567014
627,627.0,,,,registered_M82_G*_413.fits,M82,G*,REGISTERED,2025-04-30T21:03:19.69,,2460796.377311227
628,628.0,,,,registered_M82_B*_414.fits,M82,B*,REGISTERED,2025-04-30T21:04:24.00,,2460796.378055556
629,629.0,,,,registered_M82_H_alpha_415.fits,M82,H_alpha,REGISTERED,2025-04-30T21:05:28.19,,2460796.3787984955
630,630.0,,,,registered_M82_R*_416.fits,M82,R*,REGISTERED,2025-04-30T21:06:41.75,,2460796.379649884
631,631.0,,,,registered_M82_G*_417.fits,M82,G*,REGISTERED,2025-04-30T21:07:46.14,,2460796.380395139
632,632.0,,,,registered_M82_B*_418.fits,M82,B*,REGISTERED,2025-04-30T21:08:50.40,,2460796.381138889
633,633.0,,,,registered_M82_H_alpha_419.fits,M82,H_alpha,REGISTERED,2025-04-30T21:09:54.65,,2460796.381882523
634,634.0,,,,registered_M82_R*_420.fits,M82,R*,REGISTERED,2025-04-30T21:11:00.48,,2460796.382644444
635,635.0,,,,registered_M82_G*_421.fits,M82,G*,REGISTERED,2025-04-30T21:12:04.89,,2460796.3833899307
636,636.0,,,,registered_M82_B*_422.fits,M82,B*,REGISTERED,2025-04-30T21:13:09.29,,2460796.3841353008
637,637.0,,,,registered_M82_H_alpha_423.fits,M82,H_alpha,REGISTERED,2025-04-30T21:14:13.54,,2460796.3848789358
638,638.0,,,,registered_M82_R*_424.fits,M82,R*,REGISTERED,2025-04-30T21:15:19.37,,2460796.3856408563
639,639.0,,,,registered_M82_G*_425.fits,M82,G*,REGISTERED,2025-04-30T21:16:23.67,,2460796.386385069
640,640.0,,,,registered_M82_B*_426.fits,M82,B*,REGISTERED,2025-04-30T21:17:28.02,,2460796.387129861
641,641.0,,,,registered_M82_H_alpha_427.fits,M82,H_alpha,REGISTERED,2025-04-30T21:18:32.21,,2460796.3878728007
642,642.0,,,,registered_M82_R*_428.fits,M82,R*,REGISTERED,2025-04-30T21:19:37.96,,2460796.3886337965
643,643.0,,,,registered_M82_G*_429.fits,M82,G*,REGISTERED,2025-04-30T21:20:42.33,,2460796.38937882
644,644.0,,,,registered_M82_B*_430.fits,M82,B*,REGISTERED,2025-04-30T21:21:46.63,,2460796.3901230325
645,645.0,,,,registered_M82_H_alpha_431.fits,M82,H_alpha,REGISTERED,2025-04-30T21:22:50.86,,2460796.390866435
646,646.0,,,,registered_M82_R*_432.fits,M82,R*,REGISTERED,2025-04-30T21:23:56.79,,2460796.391629514
647,647.0,,,,registered_M82_G*_433.fits,M82,G*,REGISTERED,2025-04-30T21:25:01.06,,2460796.39237338
648,648.0,,,,registered_M82_B*_434.fits,M82,B*,REGISTERED,2025-04-30T21:26:05.42,,2460796.393118287
649,649.0,,,,registered_M82_H_alpha_435.fits,M82,H_alpha,REGISTERED,2025-04-30T21:27:09.54,,2460796.3938604165
650,650.0,,,,registered_M82_R*_436.fits,M82,R*,REGISTERED,2025-04-30T21:32:37.55,,2460796.3976568286
651,651.0,,,,registered_M82_G*_437.fits,M82,G*,REGISTERED,2025-04-30T21:33:41.81,,2460796.398400578
652,652.0,,,,registered_M82_B*_438.fits,M82,B*,REGISTERED,2025-04-30T21:34:45.99,,2460796.399143403
653,653.0,,,,registered_M82_H_alpha_439.fits,M82,H_alpha,REGISTERED,2025-04-30T21:35:50.16,,2460796.3998861117
654,654.0,,,,registered_M82_R*_484.fits,M82,R*,REGISTERED,2025-04-30T22:36:04.05,,2460796.4417135417
655,655.0,,,,registered_M82_G*_485.fits,M82,G*,REGISTERED,2025-04-30T22:37:08.35,,2460796.4424577546
656,656.0,,,,registered_M82_B*_486.fits,M82,B*,REGISTERED,2025-04-30T22:38:12.68,,2460796.443202315
657,657.0,,,,registered_M82_H_alpha_487.fits,M82,H_alpha,REGISTERED,2025-04-30T22:39:16.77,,2460796.443944097
658,658.0,,,,registered_M82_R*_488.fits,M82,R*,REGISTERED,2025-04-30T22:40:22.43,,2460796.444704051
659,659.0,,,,registered_M82_G*_489.fits,M82,G*,REGISTERED,2025-04-30T22:41:26.59,,2460796.4454466435
660,660.0,,,,registered_M82_B*_490.fits,M82,B*,REGISTERED,2025-04-30T22:42:30.80,,2460796.4461898147
661,661.0,,,,registered_M82_H_alpha_491.fits,M82,H_alpha,REGISTERED,2025-04-30T22:43:34.92,,2460796.446931944
662,662.0,,,,registered_M82_R*_492.fits,M82,R*,REGISTERED,2025-04-30T22:44:40.53,,2460796.4476913195
663,663.0,,,,registered_M82_G*_493.fits,M82,G*,REGISTERED,2025-04-30T22:45:44.79,,2460796.448435069
664,664.0,,,,registered_M82_B*_494.fits,M82,B*,REGISTERED,2025-04-30T22:46:49.15,,2460796.4491799767
665,665.0,,,,registered_M82_H_alpha_495.fits,M82,H_alpha,REGISTERED,2025-04-30T22:47:53.30,,2460796.4499224536
666,666.0,,,,registered_M82_R*_496.fits,M82,R*,REGISTERED,2025-04-30T22:48:58.83,,2460796.4506809027
667,667.0,,,,registered_M82_G*_497.fits,M82,G*,REGISTERED,2025-04-30T22:50:03.07,,2460796.4514244213
668,668.0,,,,registered_M82_B*_498.fits,M82,B*,REGISTERED,2025-04-30T22:51:07.35,,2460796.4521684027
669,669.0,,,,registered_M82_H_alpha_499.fits,M82,H_alpha,REGISTERED,2025-04-30T22:52:11.43,,2460796.4529100694
670,670.0,,,,registered_M82_R*_500.fits,M82,R*,REGISTERED,2025-04-30T22:53:17.03,,2460796.4536693287
671,671.0,,,,registered_M82_G*_501.fits,M82,G*,REGISTERED,2025-04-30T22:54:21.28,,2460796.454412963
672,672.0,,,,registered_M82_B*_502.fits,M82,B*,REGISTERED,2025-04-30T22:55:25.57,,2460796.45515706
673,673.0,,,,registered_M82_H_alpha_503.fits,M82,H_alpha,REGISTERED,2025-04-30T22:56:29.60,,2460796.455898148
674,674.0,,,,registered_M82_R*_504.fits,M82,R*,REGISTERED,2025-04-30T22:58:24.02,,2460796.457222454
675,675.0,,,,registered_M82_G*_505.fits,M82,G*,REGISTERED,2025-04-30T22:59:28.25,,2460796.4579658564
676,676.0,,,,registered_M82_B*_506.fits,M82,B*,REGISTERED,2025-04-30T23:00:32.58,,2460796.4587104167
677,677.0,,,,registered_M82_H_alpha_507.fits,M82,H_alpha,REGISTERED,2025-04-30T23:01:36.62,,2460796.4594516205
678,678.0,,,,registered_M82_R*_508.fits,M82,R*,REGISTERED,2025-04-30T23:02:42.33,,2460796.460212153
679,679.0,,,,registered_M82_G*_509.fits,M82,G*,REGISTERED,2025-04-30T23:03:46.60,,2460796.4609560184
680,680.0,,,,registered_M82_B*_510.fits,M82,B*,REGISTERED,2025-04-30T23:04:50.91,,2460796.4617003477
681,681.0,,,,registered_M82_H_alpha_511.fits,M82,H_alpha,REGISTERED,2025-04-30T23:05:55.13,,2460796.4624436344
682,682.0,,,,registered_M82_R*_512.fits,M82,R*,REGISTERED,2025-04-30T23:07:00.71,,2460796.463202662
683,683.0,,,,registered_M82_G*_513.fits,M82,G*,REGISTERED,2025-04-30T23:08:05.02,,2460796.4639469907
684,684.0,,,,registered_M82_B*_514.fits,M82,B*,REGISTERED,2025-04-30T23:09:09.23,,2460796.464690162
685,685.0,,,,registered_M82_H_alpha_515.fits,M82,H_alpha,REGISTERED,2025-04-30T23:10:13.34,,2460796.465432176
686,686.0,,,,registered_M82_R*_516.fits,M82,R*,REGISTERED,2025-04-30T23:11:18.94,,2460796.466191435
687,687.0,,,,registered_M82_G*_517.fits,M82,G*,REGISTERED,2025-04-30T23:12:23.10,,2460796.466934028
688,688.0,,,,registered_M82_B*_518.fits,M82,B*,REGISTERED,2025-04-30T23:13:27.36,,2460796.4676777776
689,689.0,,,,registered_M82_H_alpha_519.fits,M82,H_alpha,REGISTERED,2025-04-30T23:14:31.43,,2460796.468419329
690,690.0,,,,registered_M82_R*_520.fits,M82,R*,REGISTERED,2025-04-30T23:15:37.14,,2460796.469179861
691,691.0,,,,registered_M82_G*_521.fits,M82,G*,REGISTERED,2025-04-30T23:16:41.50,,2460796.4699247684
692,692.0,,,,registered_M82_B*_522.fits,M82,B*,REGISTERED,2025-04-30T23:17:45.74,,2460796.470668287
693,693.0,,,,registered_M82_H_alpha_523.fits,M82,H_alpha,REGISTERED,2025-04-30T23:18:49.94,,2460796.4714113427
694,,,,,final_M82_B*.fits,M82,R*,FINAL,2025-04-30T20:49:19.01,,2460796.367581134
695,,,,,final_M82_R*.fits,M82,R*,FINAL,2025-04-30T20:49:19.01,,2460796.367581134
696,,,,,final_M82_H_alpha.fits,M82,R*,FINAL,2025-04-30T20:49:19.01,,2460796.367581134
697,,,,,final_M82_G*.fits,M82,R*,FINAL,2025-04-30T20:49:19.01,,2460796.367581134
